type,properties/編號,properties/駐在所,properties/現今行政區,properties/經度,properties/緯度,properties/標高m,type,x,y
Feature,1,九芎湖駐在所（九芎湖駐在所）,宜蘭縣三星鄉,121.606386,24.65635,150,Point,121.606386,24.65635
Feature,2,崙碑子駐在所（崙碑子駐在所）,宜蘭縣大同鄉,121.605946,24.68275,161,Point,121.605946,24.68275
Feature,3,松羅駐在所（ショウラ駐在所）,宜蘭縣大同鄉,121.578175,24.656572,168,Point,121.578175,24.656572
Feature,4,圓山駐在所（圓山駐在所）,宜蘭縣大同鄉,121.554097,24.638949,215,Point,121.554097,24.638949
Feature,5,牛鬥駐在所（牛衝鬥/ギュウトウ駐在所）,宜蘭縣大同鄉,121.569541,24.640807,193,Point,121.569541,24.640807
Feature,6,東壘駐在所（トールイ駐在所）,宜蘭縣大同鄉,121.547817,24.616335,485,Point,121.547817,24.616335
Feature,7,濁水駐在所（濁水駐在所）,宜蘭縣大同鄉,121.530721,24.604176,242,Point,121.530721,24.604176
Feature,8,瑪崙駐在所（バヌン駐在所）,宜蘭縣大同鄉,121.530053,24.599015,273,Point,121.530053,24.599015
Feature,9,芃芃、盆盆駐在所（ボンボン駐在所）,宜蘭縣大同鄉,121.526151,24.617595,448,Point,121.526151,24.617595
Feature,10,婆羅山駐在所（パラ山駐在所）,宜蘭縣大同鄉,121.478336,24.639804,1375,Point,121.478336,24.639804
Feature,11,水源地駐在所（水源地駐在所）,宜蘭縣大同鄉,121.466363,24.621352,1640,Point,121.466363,24.621352
Feature,12,漆崎駐在所（漆崎駐在所）,宜蘭縣大同鄉,121.47795,24.627321,1530,Point,121.47795,24.627321
Feature,13,歧路駐在所（歧路駐在所）,宜蘭縣大同鄉,121.512445,24.633317,530,Point,121.512445,24.633317
Feature,14,小林駐在所（小林駐在所）,宜蘭縣大同鄉,121.514054,24.659841,667,Point,121.514054,24.659841
Feature,15,瀧上駐在所（瀧ノ上駐在所）,宜蘭縣大同鄉,121.505728,24.652002,879,Point,121.505728,24.652002
Feature,16,大正駐在所（大正駐在所）,宜蘭縣大同鄉,121.493412,24.65126,970,Point,121.493412,24.65126
Feature,17,池端駐在所（池ノ端駐在所）,宜蘭縣大同鄉,121.47455,24.651319,1151,Point,121.47455,24.651319
Feature,18,田丸駐在所（田丸駐在所）,宜蘭縣大同鄉,121.460641,24.648681,1091,Point,121.460641,24.648681
Feature,19,西村駐在所（西村駐在所）,宜蘭縣大同鄉,121.445081,24.642355,1106,Point,121.445081,24.642355
Feature,20,土場駐在所（土場駐在所）,宜蘭縣大同鄉,121.496269,24.560692,498,Point,121.496269,24.560692
Feature,21,鳩之澤駐在所（鳩ノ澤駐在所）,宜蘭縣大同鄉,121.508233,24.545383,535,Point,121.508233,24.545383
Feature,22,十字路駐在所（十字路駐在所）,宜蘭縣大同鄉,121.49309,24.54653,900,Point,121.49309,24.54653
Feature,23,神代谷駐在所（神代谷駐在所）,宜蘭縣大同鄉,121.48691,24.526268,1010,Point,121.48691,24.526268
Feature,24,太平山駐在所（太平山駐在所）,宜蘭縣大同鄉,121.485236,24.503718,1454,Point,121.485236,24.503718
Feature,25,嘉蘭灣駐在所（カナウラン駐在所）,宜蘭縣大同鄉,121.486223,24.546607,1055,Point,121.486223,24.546607
Feature,26,多望溪駐在所（源/タモン溪駐在所）,宜蘭縣大同鄉,121.504637,24.49225,1665,Point,121.504637,24.49225
Feature,27,烏帽子駐在所（エボシ山駐在所）,宜蘭縣大同鄉,121.478136,24.574742,348,Point,121.478136,24.574742
Feature,28,留茂安駐在所（リモアン駐在所）,宜蘭縣大同鄉,121.451567,24.531761,606,Point,121.451567,24.531761
Feature,29,加納富駐在所（カラッブ駐在所）,宜蘭縣大同鄉,121.448075,24.521165,697,Point,121.448075,24.521165
Feature,30,四季薰駐在所（シキクン駐在所）,宜蘭縣大同鄉,121.426596,24.487537,758,Point,121.426596,24.487537
Feature,31,庫霞駐在所（クッシャ駐在所）,宜蘭縣大同鄉,121.45453,24.48504,1633,Point,121.45453,24.48504
Feature,32,姆魯羅阿夫駐在所（ムルロアフ/加羅山駐在所）,宜蘭縣南澳鄉,121.47563,24.47002,2303,Point,121.47563,24.47002
Feature,33,馬諾源駐在所（マナウヤン駐在所）,宜蘭縣大同鄉,121.402571,24.46644,835,Point,121.402571,24.46644
Feature,34,路邊駐在所（路邊駐在所）,宜蘭縣大同鄉,121.410553,24.466303,860,Point,121.410553,24.466303
Feature,35,米羅駐在所（メラ駐在所）,宜蘭縣大同鄉,121.395296,24.44917,1045,Point,121.395296,24.44917
Feature,36,比亞南、匹亞南駐在所（ピヤナン駐在所）,宜蘭縣大同鄉,121.379317,24.436999,1212,Point,121.379317,24.436999
Feature,37,耶克糾駐在所（右岸/エキジュウ溪駐在所）,宜蘭縣大同鄉,121.378103,24.420333,1045,Point,121.378103,24.420333
Feature,38,斷崖駐在所（斷崖駐在所）,宜蘭縣大同鄉,121.368796,24.411096,1442,Point,121.368796,24.411096
Feature,39,突稜駐在所（突稜駐在所）,宜蘭縣大同鄉,121.364027,24.402279,1530,Point,121.364027,24.402279
Feature,40,比亞南鞍部駐在所（ピヤナン鞍部駐在所）,宜蘭縣大同鄉,121.352494,24.394492,1924,Point,121.352494,24.394492
Feature,41,浪速駐在所（浪速駐在所）,宜蘭縣南澳鄉,121.817816,24.461908,25,Point,121.817816,24.461908
Feature,42,粉鳥林駐在所（粉鳥林駐在所）,宜蘭縣蘇澳鎮,121.834124,24.49003,310,Point,121.834124,24.49003
Feature,43,東澳駐在所（タンオウ駐在所）,宜蘭縣蘇澳鎮,121.834726,24.511694,23,Point,121.834726,24.511694
Feature,44,猴猴溪駐在所（猴猴溪駐在所）,宜蘭縣蘇澳鎮,121.86623,24.552048,290,Point,121.86623,24.552048
Feature,45,圳尾溪駐在所（圳尾溪駐在所）,宜蘭縣蘇澳鎮,121.85777,24.576662,30,Point,121.85777,24.576662
Feature,46,南澳駐在所（南澳駐在所）,宜蘭縣南澳鄉,121.803291,24.465759,26,Point,121.803291,24.465759
Feature,47,柑子頭駐在所（柑子頭駐在所）,宜蘭縣南澳鄉,121.786524,24.475221,30,Point,121.786524,24.475221
Feature,48,鹿皮駐在所（ロッポエ駐在所）,宜蘭縣南澳鄉,121.776383,24.470728,46,Point,121.776383,24.470728
Feature,49,南溪駐在所（ナンケイ駐在所）,宜蘭縣南澳鄉,121.778491,24.455992,29,Point,121.778491,24.455992
Feature,50,魯基由夫駐在所（ルッキョフ駐在所）,宜蘭縣南澳鄉,121.789951,24.415273,212,Point,121.789951,24.415273
Feature,51,苟翁駐在所（ゴオン駐在所）,宜蘭縣南澳鄉,121.78485,24.37425,230,Point,121.78485,24.37425
Feature,52,碧海駐在所（ベレフン駐在所）,宜蘭縣南澳鄉,121.771444,24.346072,54,Point,121.771444,24.346072
Feature,53,大濁水駐在所（大濁水駐在所）,宜蘭縣南澳鄉,121.739526,24.329631,49,Point,121.739526,24.329631
Feature,54,闊闊斯駐在所（コーコツ駐在所）,宜蘭縣南澳鄉,121.749898,24.425972,250,Point,121.749898,24.425972
Feature,55,塔壁罕駐在所（タビヤハン駐在所）,宜蘭縣南澳鄉,121.681778,24.442947,610,Point,121.681778,24.442947
Feature,56,旃壇駐在所（センダン駐在所）,宜蘭縣南澳鄉,121.709866,24.424099,242,Point,121.709866,24.424099
Feature,57,楠子駐在所（ナンシ駐在所）,宜蘭縣南澳鄉,121.69104,24.42947,378,Point,121.69104,24.42947
Feature,58,舊武塔駐在所（ブター駐在所）,宜蘭縣南澳鄉,121.6776798,24.452288,515,Point,121.677679,24.452288
Feature,59,朝日駐在所（朝日駐在所）,宜蘭縣南澳鄉,121.64255,24.45105,1164,Point,121.64255,24.45105
Feature,60,流興駐在所（リヨヘン駐在所）,宜蘭縣南澳鄉,121.63193200000001,24.446311,1122,Point,121.631932,24.446311
Feature,61,莫很駐在所（茂邊/モヘン駐在所）,宜蘭縣南澳鄉,121.617,24.41715,568,Point,121.617,24.41715
Feature,62,庫巴玻駐在所（クバボー駐在所）,宜蘭縣南澳鄉,121.59569,24.41731,1103,Point,121.59569,24.41731
Feature,63,金洋駐在所（キンヤン駐在所）,宜蘭縣南澳鄉,121.570949,24.408918,1067,Point,121.570949,24.408918
Feature,64,巴博凱凱駐在所（バボーカイカイ駐在所）,宜蘭縣南澳鄉,121.582847,24.389464,850,Point,121.582847,24.389464
Feature,65,公勾駐在所（ゴンゴ駐在所）,宜蘭縣南澳鄉,121.579618,24.398952,682,Point,121.579618,24.398952
Feature,66,比亞毫駐在所（ピヤハウ駐在所）,宜蘭縣南澳鄉,121.53741599999999,24.417588,936,Point,121.537416,24.417588
Feature,67,山櫻駐在所（山櫻駐在所）,宜蘭縣南澳鄉,121.56344,24.44055,1620,Point,121.56344,24.44055
Feature,68,敷島駐在所（敷島駐在所）,宜蘭縣南澳鄉,121.55056399999999,24.401688,1092,Point,121.550564,24.401688
Feature,69,佐宇漢駐在所（サウカン駐在所）,宜蘭縣南澳鄉,121.51862,24.45365,1870,Point,121.51862,24.45365
Feature,70,金洋拉哇駐在所（キヤンラワ駐在所）,宜蘭縣南澳鄉,121.49992,24.46437,1953,Point,121.49992,24.46437
Feature,71,望洋駐在所（望洋駐在所）,宜蘭縣南澳鄉,121.64019999999999,24.47642,1400,Point,121.6402,24.47642
Feature,72,矢櫃駐在所（矢櫃/ヤッピツ駐在所）,宜蘭縣南澳鄉,121.64257000000001,24.48731,1430,Point,121.64257,24.48731
Feature,73,銅山駐在所（銅山駐在所）,宜蘭縣南澳鄉,121.65205899999999,24.504021,1621,Point,121.652059,24.504021
Feature,74,水源駐在所（水源駐在所）,宜蘭縣南澳鄉,121.65982700000001,24.523779,1360,Point,121.659827,24.523779
Feature,75,山腳駐在所（山腳駐在所）,宜蘭縣南澳鄉,121.664322,24.556971,751,Point,121.664322,24.556971
Feature,76,古魯駐在所（コロ駐在所）,宜蘭縣大同鄉,121.678398,24.584487,360,Point,121.678398,24.584487
Feature,77,大元駐在所（ダイゲン駐在所）,宜蘭縣大同鄉,121.680823,24.610007,250,Point,121.680823,24.610007
Feature,78,寒溪駐在所（カンケイ駐在所）,宜蘭縣大同鄉,121.687338,24.609258,250,Point,121.687338,24.609258
Feature,79,四方林駐在所（シホウリン駐在所）,宜蘭縣大同鄉,121.711558,24.615588,220,Point,121.711558,24.615588
Feature,80,金瓜寮駐在所（金瓜藔駐在所）,新北市坪林區,121.682907,24.916616,230,Point,121.682907,24.916616
Feature,81,溪底駐在所（溪底駐在所）,新北市新店區,121.498789,24.883277,,Point,121.498789,24.883277
Feature,82,坦比雅、桶壁駐在所（タンビヤ駐在所）,新北市烏來區,121.548456,24.883681,200,Point,121.548456,24.883681
Feature,83,烏來駐在所（ウライ駐在所）,新北市烏來區,121.551599,24.863029,145,Point,121.551599,24.863029
Feature,84,阿玉駐在所（アギョク駐在所）,新北市烏來區,121.582928,24.84535,479,Point,121.582928,24.84535
Feature,85,哪哮駐在所（ラハウ駐在所）,新北市烏來區,121.524874,24.830366,350,Point,121.524874,24.830366
Feature,86,屯鹿駐在所（トンロク駐在所）,新北市烏來區,121.510583,24.806722,379,Point,121.510583,24.806722
Feature,87,卡拉莫奇駐在所（カラモチ駐在所）,新北市烏來區,121.53879499999999,24.771706,554,Point,121.538795,24.771706
Feature,88,志良久駐在所（シラツク駐在所）,新北市烏來區,121.568921,24.74998,550,Point,121.568921,24.74998
Feature,89,林望眼駐在所（リモガン駐在所）,新北市烏來區,121.501921,24.778022,460,Point,121.501921,24.778022
Feature,90,大羅蘭駐在所（タラナン駐在所）,新北市烏來區,121.49202200000001,24.776352,500,Point,121.492022,24.776352
Feature,91,扎孔、茶墾駐在所（チヤコン駐在所）,新北市烏來區,121.496421,24.754392,751,Point,121.496421,24.754392
Feature,92,檜山駐在所（檜山駐在所）,新北市烏來區,121.469792,24.747359,1301,Point,121.469792,24.747359
Feature,93,拉拉山駐在所（ララ山駐在所）,新北市烏來區,121.451167,24.739252,1539,Point,121.451167,24.739252
Feature,94,哈盆、下盆駐在所（ハブン駐在所）,新北市烏來區,121.568798,24.753517,582,Point,121.568798,24.753517
Feature,95,大寮地駐在所（大寮地駐在所）,新北市三峽區,121.434477,24.909484,110,Point,121.434477,24.909484
Feature,96,有木駐在所（有木駐在所）,新北市三峽區,121.43504799999999,24.862641,265,Point,121.435048,24.862641
Feature,97,插角駐在所（插角駐在所）,新北市三峽區,121.391188,24.875451,195,Point,121.391188,24.875451
Feature,98,石門駐在所（石門駐在所）,桃園市大溪區,121.242633,24.808365,170,Point,121.242633,24.808365
Feature,99,舊柑坪駐在所（舊柑坪駐在所）,桃園市大溪區,121.28655500000001,24.817476,200,Point,121.286555,24.817476
Feature,100,阿姆坪駐在所（阿姆坪駐在所）,桃園市大溪區,121.31166,24.810425,280,Point,121.31166,24.810425
Feature,101,分水嶺駐在所（分水嶺駐在所）,桃園市復興區,121.34144999999999,24.836862,350,Point,121.34145,24.836862
Feature,102,馬武督駐在所（馬武督駐在所）,新竹縣關西鎮,121.23178799999999,24.771998,303,Point,121.231788,24.771998
Feature,103,赤柯山駐在所（赤柯山駐在所）,新竹縣關西鎮,121.208618,24.758171,215,Point,121.208618,24.758171
Feature,104,六畜山駐在所（六畜駐在所）,新竹縣關西鎮,121.24407100000001,24.750314,805,Point,121.244071,24.750314
Feature,105,竹頭駐在所（竹頭駐在所）,新竹縣關西鎮,121.231312,24.790664,400,Point,121.231312,24.790664
Feature,106,大竹坑駐在所（大竹坑駐在所）,新竹縣關西鎮,121.239334,24.801709,330,Point,121.239334,24.801709
Feature,107,角板山駐在所（角板山駐在所）,桃園市復興區,121.35102000000001,24.813995,436,Point,121.35102,24.813995
Feature,108,水流東駐在所（水流東駐在所）,桃園市復興區,121.331076,24.832191,309,Point,121.331076,24.832191
Feature,109,宇內駐在所（ウライ駐在所）,桃園市復興區,121.379227,24.791396,364,Point,121.379227,24.791396
Feature,110,合脗坪駐在所（合脗坪駐在所）,桃園市復興區,121.35611400000001,24.807905,310,Point,121.356114,24.807905
Feature,111,優霞雲駐在所（ヨウハブン駐在所）,桃園市復興區,121.383934,24.816647,394,Point,121.383934,24.816647
Feature,112,志繼駐在所（シツケー駐在所）,桃園市復興區,121.39595199999999,24.832811,565,Point,121.395952,24.832811
Feature,113,拉號駐在所（ラハウ駐在所）,桃園市復興區,121.36564,24.799374,273,Point,121.36564,24.799374
Feature,114,奇悠板駐在所（キヨバン駐在所）,桃園市復興區,121.365594,24.794599,300,Point,121.365594,24.794599
Feature,115,斷崖駐在所（斷崖駐在所）,桃園市復興區,121.359379,24.780412,440,Point,121.359379,24.780412
Feature,116,高坡駐在所（カウボウ駐在所）,桃園市復興區,121.351479,24.768324,473,Point,121.351479,24.768324
Feature,117,瀧下駐在所（瀧下駐在所）,桃園市復興區,121.348951,24.759058,485,Point,121.348951,24.759058
Feature,118,第二高坡駐在所（第二カウボー境駐在所）,桃園市復興區,121.357298,24.750504,,Point,121.357298,24.750504
Feature,119,竹頭角駐在所（竹頭角駐在所）,桃園市復興區,121.307177,24.799743,364,Point,121.307177,24.799743
Feature,120,奎輝駐在所（ケイフイ駐在所）,桃園市復興區,121.335176,24.796008,379,Point,121.335176,24.796008
Feature,121,嘎色鬧駐在所（カソノ駐在所）,桃園市復興區,121.324611,24.775448,697,Point,121.324611,24.775448
Feature,122,高遶駐在所（カウジャウ駐在所）,桃園市復興區,121.281836,24.796055,400,Point,121.281836,24.796055
Feature,123,卡奧灣、合歡駐在所（ガオガン駐在所）,桃園市復興區,121.367257,24.672387,758,Point,121.367257,24.672387
Feature,124,爺亨駐在所（エヘン駐在所）,桃園市復興區,121.374268,24.670961,758,Point,121.374268,24.670961
Feature,125,鐵立庫駐在所（テイリック駐在所）,桃園市復興區,121.355965,24.662508,909,Point,121.355965,24.662508
Feature,126,沙崙子駐在所（サルツ駐在所）,桃園市復興區,121.35500399999999,24.67199,1091,Point,121.355004,24.67199
Feature,127,拉拉溪駐在所（ララ溪駐在所）,桃園市復興區,121.386228,24.698791,550,Point,121.386228,24.698791
Feature,128,蘇樂駐在所（ソロ駐在所）,桃園市復興區,121.374213,24.693618,697,Point,121.374213,24.693618
Feature,129,高義蘭駐在所（カウイラン駐在所）,桃園市復興區,121.35263,24.706305,1045,Point,121.35263,24.706305
Feature,130,高義蘭駐在所（停車場/カウイラン駐在所）,桃園市復興區,121.36053200000001,24.712338,606,Point,121.360532,24.712338
Feature,131,溫泉駐在所（溫泉駐在所）,桃園市復興區,121.350801,24.720729,550,Point,121.350801,24.720729
Feature,132,比亞外駐在所（ピヤワイ駐在所）,桃園市復興區,121.3556,24.725712,545,Point,121.3556,24.725712
Feature,133,卡議蘭駐在所（カギラン駐在所）,桃園市復興區,121.34766,24.739197,576,Point,121.34766,24.739197
Feature,134,比亞外溪駐在所（ピヤワイ溪駐在所）,桃園市復興區,121.352797,24.715403,529,Point,121.352797,24.715403
Feature,135,雪霧鬧駐在所（シブナオ駐在所）,桃園市復興區,121.363608,24.742844,667,Point,121.363608,24.742844
Feature,136,鷹山駐在所（タカサン駐在所）,桃園市復興區,121.371546,24.711388,850,Point,121.371546,24.711388
Feature,137,佐澤臺駐在所（佐澤臺/佐澤駐在所）,桃園市復興區,121.414984,24.659461,1340,Point,121.414984,24.659461
Feature,138,萱原駐在所（萱原駐在所）,桃園市復興區,121.40662500000001,24.654086,809,Point,121.406625,24.654086
Feature,139,庫魯駐在所（クル駐在所）,桃園市復興區,121.41875,24.64481,1065,Point,121.41875,24.64481
Feature,140,哈嘎灣駐在所（ハカワン駐在所）,桃園市復興區,121.399252,24.655338,833,Point,121.399252,24.655338
Feature,141,嘎拉賀駐在所（カラホ駐在所）,桃園市復興區,121.40482,24.637473,1212,Point,121.40482,24.637473
Feature,142,四稜駐在所（四稜駐在所）,桃園市復興區,121.430027,24.647412,1265,Point,121.430027,24.647412
Feature,143,一稜駐在所（一稜駐在所）,桃園市復興區,121.4242,24.64895,1110,Point,121.4242,24.64895
Feature,144,巴塱駐在所（バロン駐在所）,桃園市復興區,121.395937,24.684468,1235,Point,121.395937,24.684468
Feature,145,巴塱山駐在所（バロン山駐在所）,桃園市復興區,121.398618,24.685946,1251,Point,121.398618,24.685946
Feature,146,比亞散駐在所（ピヤサン駐在所）,桃園市復興區,121.42130299999999,24.704502,1454,Point,121.421303,24.704502
Feature,147,太滿山駐在所（太滿山駐在所）,桃園市復興區,121.43943,24.71182,1655,Point,121.43943,24.71182
Feature,148,塔曼溪駐在所（タマン溪駐在所）,桃園市復興區,121.40454,24.674499,758,Point,121.40454,24.674499
Feature,149,稜角駐在所（稜角駐在所）,桃園市復興區,121.37933099999999,24.680349,727,Point,121.379331,24.680349
Feature,150,烏來駐在所（烏來駐在所）,新竹縣尖石鄉,121.30967,24.667919,1430,Point,121.30967,24.667919
Feature,151,馬美駐在所（マメー駐在所）,新竹縣尖石鄉,121.31017900000001,24.685389,1606,Point,121.310179,24.685389
Feature,152,李崠山駐在所（李崠山駐在所）,新竹縣尖石鄉,121.303624,24.692658,1914,Point,121.303624,24.692658
Feature,153,泰平駐在所（泰平駐在所）,新竹縣尖石鄉,121.32839199999999,24.690615,1394,Point,121.328392,24.690615
Feature,154,"馬里闊丸、馬里光駐在所（マリコワン駐在所）",新竹縣尖石鄉,121.301073,24.659659,780,Point,121.301073,24.659659
Feature,155,宇老駐在所（ウラオ駐在所）,新竹縣尖石鄉,121.286782,24.658722,1000,Point,121.286782,24.658722
Feature,156,石磊駐在所（コレ駐在所）,新竹縣尖石鄉,121.32705,24.655397,970,Point,121.32705,24.655397
Feature,157,巴托爾駐在所（バットル駐在所）,桃園市復興區,121.33393599999999,24.669742,840,Point,121.333936,24.669742
Feature,158,臺亞夫駐在所（タイヤフ駐在所）,桃園市復興區,121.34682599999999,24.654493,1303,Point,121.346826,24.654493
Feature,159,十八兒駐在所（シバジー駐在所）,新竹縣五峰鄉,121.119815,24.631742,364,Point,121.119815,24.631742
Feature,160,大隘駐在所（大隘駐在所）,新竹縣五峰鄉,121.097426,24.636418,394,Point,121.097426,24.636418
Feature,161,西嘎歐駐在所（シイガオ駐在所）,新竹縣五峰鄉,121.10313499999999,24.615808,545,Point,121.103135,24.615808
Feature,162,美侯滿駐在所（メホマン駐在所）,新竹縣五峰鄉,121.151583,24.648481,455,Point,121.151583,24.648481
Feature,163,牧山駐在所（牧山駐在所）,新竹縣五峰鄉,121.165277,24.659227,970,Point,121.165277,24.659227
Feature,164,他科南駐在所（竹林/タコナン駐在所）,新竹縣五峰鄉,121.147854,24.62478,939,Point,121.147854,24.62478
Feature,165,鬼澤駐在所（鬼澤駐在所）,新竹縣五峰鄉,121.121241,24.607669,758,Point,121.121241,24.607669
Feature,166,麥巴來駐在所（マイバライ駐在所）,新竹縣五峰鄉,121.11423600000001,24.621112,727,Point,121.114236,24.621112
Feature,167,出會坂駐在所（出會坂/山腳駐在所）,新竹縣尖石鄉,121.093808,24.566942,690,Point,121.093808,24.566942
Feature,168,井上駐在所（井上駐在所）,新竹縣五峰鄉,121.103123,24.573274,458,Point,121.103123,24.573274
Feature,169,桃山駐在所（桃山駐在所）,新竹縣五峰鄉,121.10897,24.596503,459,Point,121.10897,24.596503
Feature,170,巴速可哇蘭駐在所（バスコワラン駐在所）,新竹縣五峰鄉,121.091284,24.584628,1200,Point,121.091284,24.584628
Feature,171,小林駐在所（小林駐在所）,新竹縣五峰鄉,121.151297,24.560584,1652,Point,121.151297,24.560584
Feature,172,霞喀羅駐在所（シャカロー駐在所）,新竹縣五峰鄉,121.14332,24.55986,1517,Point,121.14332,24.55986
Feature,173,松本駐在所（松本駐在所）,新竹縣五峰鄉,121.13283,24.5592,1364,Point,121.13283,24.5592
Feature,174,瀨戶駐在所（瀨戶駐在所）,新竹縣五峰鄉,121.11320600000001,24.554993,1048,Point,121.113206,24.554993
Feature,175,笠野駐在所（笠野駐在所）,新竹縣五峰鄉,121.105647,24.570203,776,Point,121.105647,24.570203
Feature,176,塔拉卡斯駐在所（タラッカス駐在所）,新竹縣尖石鄉,121.24476,24.57279,1500,Point,121.24476,24.57279
Feature,177,馬鞍駐在所（馬鞍駐在所）,新竹縣尖石鄉,121.237444,24.56757,1458,Point,121.237444,24.56757
Feature,178,武神駐在所（武神駐在所）,新竹縣尖石鄉,121.229542,24.560061,1427,Point,121.229542,24.560061
Feature,179,見返駐在所（見返駐在所）,新竹縣尖石鄉,121.22553000000001,24.558072,1484,Point,121.22553,24.558072
Feature,180,薩克亞金駐在所（サカヤチン駐在所）,新竹縣尖石鄉,121.219938,24.553114,1630,Point,121.219938,24.553114
Feature,181,石楠駐在所（石楠駐在所）,新竹縣尖石鄉,121.209575,24.550881,1683,Point,121.209575,24.550881
Feature,182,朝日駐在所（朝日駐在所）,新竹縣尖石鄉,121.20937000000001,24.55637,1722,Point,121.20937,24.55637
Feature,183,楢山駐在所（楢山駐在所）,新竹縣尖石鄉,121.205189,24.566841,1978,Point,121.205189,24.566841
Feature,184,松下駐在所（松下駐在所）,新竹縣尖石鄉,121.19649,24.572631,2043,Point,121.19649,24.572631
Feature,185,高橋駐在所（高橋駐在所）,新竹縣尖石鄉,121.186391,24.566197,1940,Point,121.186391,24.566197
Feature,186,佐藤駐在所（佐藤駐在所）,新竹縣五峰鄉,121.196697,24.534141,2270,Point,121.196697,24.534141
Feature,187,田村臺駐在所（田村臺駐在所）,新竹縣五峰鄉,121.17881,24.56172,1768,Point,121.17881,24.56172
Feature,188,庄子駐在所（庄子駐在所）,新竹縣尖石鄉,121.168229,24.561632,1780,Point,121.168229,24.561632
Feature,189,檜山駐在所（檜山駐在所）,新竹縣五峰鄉,121.195679,24.514278,2303,Point,121.195679,24.514278
Feature,190,屯野富駐在所（トンノフ駐在所）,新竹縣尖石鄉,121.271722,24.622502,1607,Point,121.271722,24.622502
Feature,191,萩坂駐在所（萩坂駐在所）,新竹縣尖石鄉,121.25574,24.62572,1756,Point,121.25574,24.62572
Feature,192,丁字駐在所（丁字駐在所）,新竹縣尖石鄉,121.24337,24.64481,1678,Point,121.24337,24.64481
Feature,193,霞駐在所（霞駐在所）,新竹縣尖石鄉,121.22748,24.65197,1485,Point,121.22748,24.65197
Feature,194,第一高地駐在所（第一高地駐在所）,新竹縣尖石鄉,121.302449,24.640407,1539,Point,121.302449,24.640407
Feature,195,西堡溪駐在所（シボツケ駐在所）,新竹縣尖石鄉,121.29875800000001,24.632293,1510,Point,121.298758,24.632293
Feature,196,合流駐在所（合流駐在所）,新竹縣尖石鄉,121.28782200000001,24.622615,910,Point,121.287822,24.622615
Feature,197,控溪駐在所（控溪駐在所）,新竹縣尖石鄉,121.28542299999999,24.617924,894,Point,121.285423,24.617924
Feature,198,高臺駐在所（高臺駐在所）,新竹縣尖石鄉,121.285073,24.649621,1194,Point,121.285073,24.649621
Feature,199,塔巴厚駐在所（タバホ駐在所）,新竹縣尖石鄉,121.27517,24.639347,1073,Point,121.27517,24.639347
Feature,200,泰亞崗駐在所（タイヤカン駐在所）,新竹縣尖石鄉,121.296317,24.611633,1454,Point,121.296317,24.611633
Feature,201,鎮西堡駐在所（チンシボ駐在所）,新竹縣尖石鄉,121.29822,24.56965,1630,Point,121.29822,24.56965
Feature,202,馬卡嘎翁駐在所（マカガオン駐在所）,新竹縣尖石鄉,121.319513,24.588936,1370,Point,121.319513,24.588936
Feature,203,養老駐在所（養老駐在所）,新竹縣尖石鄉,121.257391,24.589342,1245,Point,121.257391,24.589342
Feature,204,錦路駐在所（錦路駐在所）,新竹縣尖石鄉,121.269122,24.603415,1060,Point,121.269122,24.603415
Feature,205,內橫屏山駐在所（メカラン/內橫屏山駐在所）,新竹縣尖石鄉,121.208842,24.678269,545,Point,121.208842,24.678269
Feature,206,錦屏山駐在所（錦屏山駐在所）,新竹縣尖石鄉,121.207161,24.668051,480,Point,121.207161,24.668051
Feature,207,比麟駐在所（ピリン駐在所）,新竹縣尖石鄉,121.22665000000001,24.69733,600,Point,121.22665,24.69733
Feature,208,天打那駐在所（テンタナ駐在所）,新竹縣尖石鄉,121.208843,24.678269,424,Point,121.208843,24.678269
Feature,209,馬胎駐在所（マトエ駐在所）,新竹縣尖石鄉,121.177423,24.689574,576,Point,121.177423,24.689574
Feature,210,尖石駐在所（尖石駐在所）,新竹縣尖石鄉,121.21079899999999,24.703862,333,Point,121.210799,24.703862
Feature,211,加拉排駐在所（カラバイ駐在所）,新竹縣尖石鄉,121.226381,24.728196,348,Point,121.226381,24.728196
Feature,212,拉號駐在所（ラハオ駐在所）,新竹縣尖石鄉,121.25741499999999,24.723397,539,Point,121.257415,24.723397
Feature,213,西拉庫駐在所（シラック駐在所）,新竹縣尖石鄉,121.260775,24.735384,606,Point,121.260775,24.735384
Feature,214,那羅駐在所（ナロ駐在所）,新竹縣尖石鄉,121.246216,24.681085,576,Point,121.246216,24.681085
Feature,215,道下駐在所（道下駐在所）,新竹縣尖石鄉,121.269694,24.67196,939,Point,121.269694,24.67196
Feature,216,小坪駐在所（小坪/大南駐在所）,苗栗縣南庄鄉,120.984238,24.529768,727,Point,120.984238,24.529768
Feature,217,大東河駐在所（大東河駐在所）,苗栗縣南庄鄉,121.042181,24.599494,335,Point,121.042181,24.599494
Feature,218,紅毛館駐在所（紅毛館駐在所）,苗栗縣南庄鄉,120.971779,24.544245,,Point,120.971779,24.544245
Feature,219,石壁駐在所（石壁駐在所）,苗栗縣南庄鄉,121.041386,24.570662,455,Point,121.041386,24.570662
Feature,220,鹿場駐在所（鹿場駐在所）,苗栗縣南庄鄉,121.02752,24.538697,909,Point,121.02752,24.538697
Feature,221,鹿湖駐在所（鹿湖駐在所）,苗栗縣南庄鄉,121.03878,24.541487,845,Point,121.03878,24.541487
Feature,222,加里前山駐在所（加里前山駐在所）,苗栗縣南庄鄉,121.00000799999999,24.523526,1400,Point,121.000008,24.523526
Feature,223,風美駐在所（風美駐在所）,苗栗縣南庄鄉,121.021505,24.529753,1350,Point,121.021505,24.529753
Feature,224,八卦力駐在所（八卦力駐在所）,苗栗縣泰安鄉,120.932284,24.489651,581,Point,120.932284,24.489651
Feature,225,汶水駐在所（汶水駐在所）,苗栗縣泰安鄉,120.94298499999999,24.465853,545,Point,120.942985,24.465853
Feature,226,橫龍山駐在所（橫龍山駐在所）,苗栗縣泰安鄉,120.968682,24.469913,606,Point,120.968682,24.469913
Feature,227,上島駐在所（上ノ島駐在所）,苗栗縣泰安鄉,120.97759600000001,24.471295,670,Point,120.977596,24.471295
Feature,228,洗水駐在所（洗水駐在所）,苗栗縣泰安鄉,121.014588,24.456168,1333,Point,121.014588,24.456168
Feature,229,馬都安、大興駐在所（マバトアン駐在所）,苗栗縣泰安鄉,120.910746,24.42129,576,Point,120.910746,24.42129
Feature,230,高熊駐在所（高熊峠駐在所）,苗栗縣泰安鄉,120.924008,24.424519,718,Point,120.924008,24.424519
Feature,231,大湖溪駐在所（大湖溪駐在所）,苗栗縣泰安鄉,120.981746,24.421857,1454,Point,120.981746,24.421857
Feature,232,細道邦駐在所（細道邦駐在所）,苗栗縣泰安鄉,120.920321,24.394092,545,Point,120.920321,24.394092
Feature,233,司令駐在所（司令駐在所）,苗栗縣泰安鄉,120.93102399999999,24.348062,667,Point,120.931024,24.348062
Feature,234,象鼻駐在所（象鼻駐在所）,苗栗縣泰安鄉,120.95149499999999,24.361807,758,Point,120.951495,24.361807
Feature,235,麻必浩駐在所（マビルハ駐在所）,苗栗縣泰安鄉,120.970223,24.3582,818,Point,120.970223,24.3582
Feature,236,大安駐在所（大安駐在所）,苗栗縣泰安鄉,120.969452,24.372501,727,Point,120.969452,24.372501
Feature,237,梅園駐在所（梅園駐在所）,苗栗縣泰安鄉,120.965288,24.385286,727,Point,120.965288,24.385286
Feature,238,司馬限駐在所（司馬限駐在所）,苗栗縣泰安鄉,120.941276,24.410141,758,Point,120.941276,24.410141
Feature,239,天狗駐在所（天狗駐在所）,苗栗縣泰安鄉,120.978961,24.39297,970,Point,120.978961,24.39297
Feature,240,大欠駐在所（大欠駐在所）,苗栗縣泰安鄉,120.90633,24.331641,1005,Point,120.90633,24.331641
Feature,241,二本松駐在所（二本松駐在所）,苗栗縣泰安鄉,120.986482,24.398382,1303,Point,120.986482,24.398382
Feature,242,萩岡駐在所（萩岡駐在所）,苗栗縣泰安鄉,121.013595,24.402445,1454,Point,121.013595,24.402445
Feature,243,日向駐在所（日向駐在所）,苗栗縣泰安鄉,121.025036,24.420592,1485,Point,121.025036,24.420592
Feature,244,雪見駐在所（雪見駐在所）,苗栗縣泰安鄉,121.03697,24.426368,1576,Point,121.03697,24.426368
Feature,245,幸原駐在所（幸原駐在所）,苗栗縣泰安鄉,121.043347,24.445995,1488,Point,121.043347,24.445995
Feature,246,北坑駐在所（北坑駐在所）,苗栗縣泰安鄉,121.05346,24.45856,1610,Point,121.05346,24.45856
Feature,247,曙駐在所（曙駐在所）,苗栗縣泰安鄉,121.05993100000001,24.475009,1646,Point,121.059931,24.475009
Feature,248,鹿山駐在所（鹿山駐在所）,苗栗縣泰安鄉,121.07566,24.481611,1791,Point,121.07566,24.481611
Feature,249,泉駐在所（泉駐在所）,苗栗縣泰安鄉,121.08329999999999,24.487828,1814,Point,121.0833,24.487828
Feature,250,榛駐在所（榛駐在所）,苗栗縣泰安鄉,121.08985,24.48563,1899,Point,121.08985,24.48563
Feature,251,中間駐在所（中間駐在所）,苗栗縣泰安鄉,121.10455,24.48996,2080,Point,121.10455,24.48996
Feature,252,茂義利駐在所（モギリ駐在所）,苗栗縣泰安鄉,121.114132,24.503341,2030,Point,121.114132,24.503341
Feature,253,馬達拉駐在所（マダラ駐在所）,苗栗縣泰安鄉,121.144638,24.494924,2273,Point,121.144638,24.494924
Feature,254,本田駐在所（本田駐在所）,苗栗縣泰安鄉,121.16260200000001,24.499962,2300,Point,121.162602,24.499962
Feature,255,高嶺駐在所（結城/高嶺駐在所）,苗栗縣泰安鄉,121.176616,24.501661,2363,Point,121.176616,24.501661
Feature,256,稍來坪駐在所（稍來坪/南勢駐在所）,臺中市和平區,120.882931,24.178238,632,Point,120.882931,24.178238
Feature,257,白毛駐在所（白毛駐在所）,臺中市和平區,120.88612999999999,24.158163,609,Point,120.88613,24.158163
Feature,258,白冷駐在所（白冷駐在所）,臺中市和平區,120.916128,24.184367,591,Point,120.916128,24.184367
Feature,259,裡冷駐在所（裡冷駐在所）,臺中市和平區,120.950986,24.164288,701,Point,120.950986,24.164288
Feature,260,久良栖駐在所（久良栖駐在所）,臺中市和平區,120.97272599999999,24.174456,785,Point,120.972726,24.174456
Feature,261,八仙山駐在所（八仙山駐在所）,臺中市和平區,121.02588900000001,24.175447,1948,Point,121.025889,24.175447
Feature,262,哈隆臺駐在所（ハロン臺駐在所）,臺中市和平區,120.99183499999999,24.19155,790,Point,120.991835,24.19155
Feature,263,明治駐在所（明治駐在所）,臺中市和平區,121.009782,24.204297,939,Point,121.009782,24.204297
Feature,264,馬崙駐在所（馬崙駐在所）,臺中市和平區,121.05624,24.22077,1167,Point,121.05624,24.22077
Feature,265,烏來駐在所（烏來駐在所）,臺中市和平區,121.097004,24.236496,1303,Point,121.097004,24.236496
Feature,266,小澤臺駐在所（小澤臺駐在所）,臺中市和平區,121.11844600000001,24.235811,1364,Point,121.118446,24.235811
Feature,267,達見駐在所（美壽潭/ビスタン/達見駐在所）,臺中市和平區,121.161378,24.248952,1424,Point,121.161378,24.248952
Feature,268,達盤駐在所（達盤/タバン駐在所）,臺中市和平區,121.180117,24.257421,1454,Point,121.180117,24.257421
Feature,269,佳陽駐在所（佳陽駐在所）,臺中市和平區,121.213014,24.259184,1443,Point,121.213014,24.259184
Feature,270,沙拉茅駐在所（サラマオ駐在所）,臺中市和平區,121.243458,24.259958,1697,Point,121.243458,24.259958
Feature,271,氣合駐在所（氣合駐在所）,臺中市和平區,121.238315,24.253729,1848,Point,121.238315,24.253729
Feature,272,椚岡駐在所（椚岡駐在所）,臺中市和平區,121.25532200000001,24.251932,2030,Point,121.255322,24.251932
Feature,273,太保久駐在所（太保久駐在所）,臺中市和平區,121.266896,24.287332,1667,Point,121.266896,24.287332
Feature,274,平岩山駐在所（平岩山駐在所）,臺中市和平區,121.29772,24.315505,1751,Point,121.29772,24.315505
Feature,275,志佳陽、鹿洋駐在所（シカヤウ駐在所）,臺中市和平區,121.293756,24.31912,1667,Point,121.293756,24.31912
Feature,276,志良節駐在所（志良節駐在所）,臺中市和平區,121.31272800000001,24.340446,1909,Point,121.312728,24.340446
Feature,277,有勝駐在所（有勝駐在所）,臺中市和平區,121.338668,24.368584,1819,Point,121.338668,24.368584
Feature,278,牛欄坑駐在所（牛欄坑駐在所）,臺中市和平區,120.879019,24.260551,485,Point,120.879019,24.260551
Feature,279,埋伏坪駐在所（埋伏坪駐在所）,臺中市和平區,120.909243,24.292034,485,Point,120.909243,24.292034
Feature,280,老屋峩、羅布果駐在所（ローブゴー駐在所）,臺中市和平區,120.92451,24.305078,500,Point,120.92451,24.305078
Feature,281,神谷山駐在所（神谷山駐在所）,臺中市和平區,120.938581,24.303525,1000,Point,120.938581,24.303525
Feature,282,遠藤駐在所（遠藤駐在所）,臺中市和平區,120.95049299999999,24.314961,1318,Point,120.950493,24.314961
Feature,283,久保山駐在所（久保山駐在所）,臺中市和平區,120.937039,24.326419,1100,Point,120.937039,24.326419
Feature,284,雪山坑駐在所（雪山坑駐在所）,臺中市和平區,120.935813,24.339898,597,Point,120.935813,24.339898
Feature,285,達觀駐在所（タツカン駐在所）,臺中市和平區,120.92140000000001,24.327717,500,Point,120.9214,24.327717
Feature,286,中坑坪駐在所（中坑坪駐在所）,臺中市和平區,120.88025399999999,24.236591,485,Point,120.880254,24.236591
Feature,287,出雲山駐在所（出雲山駐在所）,臺中市和平區,120.898433,24.227994,1030,Point,120.898433,24.227994
Feature,288,橫流溪駐在所（橫流溪駐在所）,臺中市和平區,120.90775600000001,24.192037,758,Point,120.907756,24.192037
Feature,289,橫嶺山駐在所（橫嶺山駐在所）,臺中市和平區,120.900858,24.249947,1000,Point,120.900858,24.249947
Feature,290,大崠、肥崠駐在所（大崠駐在所）,臺中市和平區,120.90751,24.25655,985,Point,120.90751,24.25655
Feature,291,坂中駐在所（坂中駐在所）,臺中市和平區,120.905675,24.274334,745,Point,120.905675,24.274334
Feature,292,郡坑駐在所（郡坑駐在所）,南投縣信義鄉,120.859054,23.744239,430,Point,120.859054,23.744239
Feature,293,內茅埔駐在所（內茅埔駐在所）,南投縣信義鄉,120.85429000000001,23.697346,477,Point,120.85429,23.697346
Feature,294,豐丘駐在所（豐丘駐在所）,南投縣信義鄉,120.875238,23.670412,606,Point,120.875238,23.670412
Feature,295,楠子腳萬駐在所（楠子腳萬駐在所）,南投縣信義鄉,120.884164,23.619027,985,Point,120.884164,23.619027
Feature,296,新鄉駐在所（新鄉駐在所）,南投縣信義鄉,120.869006,23.640269,879,Point,120.869006,23.640269
Feature,297,望鄉駐在所（望鄉駐在所）,南投縣信義鄉,120.884632,23.60123,940,Point,120.884632,23.60123
Feature,298,東埔駐在所（東埔駐在所）,南投縣信義鄉,120.927803,23.561939,1197,Point,120.927803,23.561939
Feature,299,樂樂駐在所（樂樂駐在所）,南投縣信義鄉,120.95812599999999,23.546048,1693,Point,120.958126,23.546048
Feature,300,對關駐在所（對關駐在所）,南投縣信義鄉,120.97790000000001,23.5249,2089,Point,120.9779,23.5249
Feature,301,觀高駐在所（觀高駐在所）,南投縣信義鄉,121.00068400000001,23.503251,2568,Point,121.000684,23.503251
Feature,302,八通關駐在所（八通關駐在所）,南投縣信義鄉,120.995948,23.48862,2807,Point,120.995948,23.48862
Feature,303,新高駐在所（新高駐在所）,南投縣信義鄉,120.974153,23.483554,3051,Point,120.974153,23.483554
Feature,304,巴奈伊克駐在所（バナイコ駐在所）,南投縣信義鄉,121.01680899999999,23.487863,2843,Point,121.016809,23.487863
Feature,305,躑躕、杜鵑駐在所（ツツジ山駐在所）,南投縣信義鄉,121.0274,23.47447,2962,Point,121.0274,23.47447
Feature,306,秀姑巒駐在所（秀姑巒駐在所）,南投縣信義鄉,121.02811699999999,23.485847,2881,Point,121.028117,23.485847
Feature,307,南、米那米駐在所（南駐在所）,南投縣信義鄉,121.04098399999999,23.463567,3190,Point,121.040984,23.463567
Feature,308,博庫老駐在所（ボクラウ駐在所）,南投縣信義鄉,121.00420099999999,23.54283,1716,Point,121.004201,23.54283
Feature,309,無雙駐在所（無雙駐在所）,南投縣信義鄉,121.015047,23.576421,1582,Point,121.015047,23.576421
Feature,310,馬西塔隆駐在所（マシタルン駐在所）,南投縣信義鄉,121.01498100000001,23.598816,1576,Point,121.014981,23.598816
Feature,311,本鄉駐在所（本鄉駐在所）,南投縣信義鄉,121.025764,23.621389,1509,Point,121.025764,23.621389
Feature,312,郡大駐在所（郡大駐在所）,南投縣信義鄉,121.026749,23.644415,1521,Point,121.026749,23.644415
Feature,313,伊巴厚駐在所（イバホ駐在所）,南投縣信義鄉,121.026251,23.656678,1384,Point,121.026251,23.656678
Feature,314,望安駐在所（望鞍駐在所）,南投縣信義鄉,121.021387,23.691475,1212,Point,121.021387,23.691475
Feature,315,巒大山駐在所（巒大山駐在所）,南投縣信義鄉,120.96987900000001,23.723968,1970,Point,120.969879,23.723968
Feature,316,卡特格蘭、卡督姆蘭駐在所（カトグラン駐在所）,南投縣信義鄉,121.03291,23.71301,1380,Point,121.03291,23.71301
Feature,317,溪諾袞駐在所（ヒノコン駐在所）,南投縣信義鄉,121.0607,23.73806,1078,Point,121.0607,23.73806
Feature,318,丹大駐在所（丹大駐在所）,南投縣信義鄉,121.154251,23.709356,1360,Point,121.154251,23.709356
Feature,319,加年端駐在所（カネトワン駐在所）,南投縣信義鄉,121.09147,23.74984,1484,Point,121.09147,23.74984
Feature,320,卡社駐在所（卡社駐在所）,南投縣信義鄉,121.042481,23.796565,1127,Point,121.042481,23.796565
Feature,321,拔社埔駐在所（拔社埔駐在所）,南投縣信義鄉,120.924601,23.797274,367,Point,120.924601,23.797274
Feature,322,達瑪巒駐在所（タマロワン駐在所）,南投縣信義鄉,120.942621,23.794408,545,Point,120.942621,23.794408
Feature,323,伊西幹駐在所（イシガン駐在所）,南投縣信義鄉,120.94753900000001,23.783587,610,Point,120.947539,23.783587
Feature,324,人倫駐在所（人倫駐在所）,南投縣信義鄉,120.90160400000001,23.778101,455,Point,120.901604,23.778101
Feature,325,巴庫拉斯駐在所（バクラス駐在所）,南投縣信義鄉,121.0044,23.80916,545,Point,121.0044,23.80916
Feature,326,水頭駐在所（水頭駐在所）,南投縣信義鄉,120.96983,23.936528,574,Point,120.96983,23.936528
Feature,327,過坑駐在所（過坑駐在所）,南投縣仁愛鄉,120.99171,23.904398,727,Point,120.99171,23.904398
Feature,328,良久社駐在所（良久社駐在所）,南投縣仁愛鄉,121.030427,23.864824,1030,Point,121.030427,23.864824
Feature,329,卓社駐在所（卓社駐在所）,南投縣仁愛鄉,121.031961,23.877614,1061,Point,121.031961,23.877614
Feature,330,武界駐在所（武界駐在所）,南投縣仁愛鄉,121.04601700000001,23.916892,727,Point,121.046017,23.916892
Feature,331,干卓萬駐在所（干卓萬駐在所）,南投縣仁愛鄉,120.95326900000001,24.069254,788,Point,120.953269,24.069254
Feature,332,阿冷山駐在所（阿冷山駐在所）,南投縣仁愛鄉,120.92798000000001,24.08852,699,Point,120.92798,24.08852
Feature,333,川中島駐在所（川中島駐在所）,南投縣仁愛鄉,120.953267,24.069249,500,Point,120.953267,24.069249
Feature,334,中原駐在所（中原駐在所）,南投縣仁愛鄉,120.968743,24.063195,455,Point,120.968743,24.063195
Feature,335,眉原駐在所（バイバラ駐在所）,南投縣仁愛鄉,120.98371299999999,24.072797,515,Point,120.983713,24.072797
Feature,336,獅子頭駐在所（獅子頭駐在所）,南投縣埔里鎮,121.03962,23.996667,585,Point,121.03962,23.996667
Feature,337,眉溪駐在所（眉溪駐在所）,南投縣仁愛鄉,121.101601,24.011357,766,Point,121.101601,24.011357
Feature,338,牙山駐在所（牙山駐在所）,南投縣仁愛鄉,121.112978,24.008837,810,Point,121.112978,24.008837
Feature,339,霧社駐在所（霧社駐在所）,南投縣仁愛鄉,121.13288300000001,24.023699,1148,Point,121.132883,24.023699
Feature,340,巴蘭駐在所（バーラン駐在所）,南投縣仁愛鄉,121.125908,24.009029,1273,Point,121.125908,24.009029
Feature,341,高峰駐在所（高峰駐在所）,南投縣仁愛鄉,121.11716699999999,23.988528,1606,Point,121.117167,23.988528
Feature,342,萬大駐在所（萬大駐在所）,南投縣仁愛鄉,121.13561799999999,23.971753,1136,Point,121.135618,23.971753
Feature,343,伊那閣駐在所（イナコ駐在所）,南投縣仁愛鄉,121.09457500000001,23.962099,1061,Point,121.094575,23.962099
Feature,344,羅多夫駐在所（ロードフ駐在所）,南投縣仁愛鄉,121.142262,24.031598,1350,Point,121.142262,24.031598
Feature,345,荷歌駐在所（ホーゴー駐在所）,南投縣仁愛鄉,121.148976,24.023165,1273,Point,121.148976,24.023165
Feature,346,櫻駐在所（櫻駐在所）,南投縣仁愛鄉,121.16001199999999,24.029079,1394,Point,121.160012,24.029079
Feature,347,波阿崙、富士駐在所（ボアルン/富士駐在所）,南投縣仁愛鄉,121.18556,24.034842,1515,Point,121.18556,24.034842
Feature,348,馬赫坡駐在所（マヘボ駐在所）,南投縣仁愛鄉,121.189269,24.023767,1110,Point,121.189269,24.023767
Feature,349,塔烏查、道澤駐在所（タウツア駐在所）,南投縣仁愛鄉,121.192272,24.060167,1182,Point,121.192272,24.060167
Feature,350,托洛庫駐在所（トロック駐在所）,南投縣仁愛鄉,121.216404,24.086034,1470,Point,121.216404,24.086034
Feature,351,屯原駐在所（トンバラ駐在所）,南投縣仁愛鄉,121.213435,24.050348,1970,Point,121.213435,24.050348
Feature,352,富士見駐在所（富士見駐在所）,南投縣仁愛鄉,121.22584999999999,24.04411,2211,Point,121.22585,24.04411
Feature,353,尾上駐在所（尾上駐在所）,南投縣仁愛鄉,121.23650000000001,24.04711,2357,Point,121.2365,24.04711
Feature,354,松原駐在所（松原駐在所）,南投縣仁愛鄉,121.25176999999999,24.04453,2583,Point,121.25177,24.04453
Feature,355,能高駐在所（能高駐在所）,南投縣仁愛鄉,121.27965,24.04535,2863,Point,121.27965,24.04535
Feature,356,梅木駐在所（梅木駐在所）,南投縣仁愛鄉,121.151974,24.060289,1440,Point,121.151974,24.060289
Feature,357,哈繃駐在所（ハボン駐在所）,南投縣仁愛鄉,121.154113,24.08547,1646,Point,121.154113,24.08547
Feature,358,白狗駐在所（白狗駐在所）,南投縣仁愛鄉,121.168553,24.121812,1347,Point,121.168553,24.121812
Feature,359,躑躅岡駐在所（躑躅岡駐在所）,南投縣仁愛鄉,121.18676000000001,24.124109,1940,Point,121.18676,24.124109
Feature,360,馬西托班駐在所（マシトバオン駐在所）,南投縣仁愛鄉,121.16136899999999,24.115841,1212,Point,121.161369,24.115841
Feature,361,馬卡那奇駐在所（マカナジー駐在所）,南投縣仁愛鄉,121.176658,24.1604,1000,Point,121.176658,24.1604
Feature,362,馬力巴、真烈巴駐在所（マレツバ駐在所）,南投縣仁愛鄉,121.193074,24.156731,1654,Point,121.193074,24.156731
Feature,363,姆卡布布駐在所（ムカブーブ駐在所）,南投縣仁愛鄉,121.200154,24.179537,1560,Point,121.200154,24.179537
Feature,364,馬力觀駐在所（マリコワン駐在所）,南投縣仁愛鄉,121.207847,24.180072,1939,Point,121.207847,24.180072
Feature,365,松嶺駐在所（松嶺駐在所）,臺中市和平區,121.223651,24.217239,2592,Point,121.223651,24.217239
Feature,366,見晴駐在所（見晴駐在所）,南投縣仁愛鄉,121.155929,24.046904,1742,Point,121.155929,24.046904
Feature,367,立鷹駐在所（立鷹駐在所）,南投縣仁愛鄉,121.172792,24.081087,2222,Point,121.172792,24.081087
Feature,368,三角峰駐在所（三角峰駐在所）,南投縣仁愛鄉,121.19113,24.100732,2330,Point,121.19113,24.100732
Feature,369,追分駐在所（追分駐在所）,南投縣仁愛鄉,121.198284,24.106284,2296,Point,121.198284,24.106284
Feature,370,櫻峰駐在所（櫻ヶ峰駐在所）,南投縣仁愛鄉,121.23728699999999,24.118002,2757,Point,121.237287,24.118002
Feature,371,合歡山駐在所（合歡山駐在所）,南投縣仁愛鄉,121.27256300000001,24.122794,3060,Point,121.272563,24.122794
Feature,372,石門駐在所（石門駐在所）,南投縣仁愛鄉,121.28422999999999,24.142434,3130,Point,121.28423,24.142434
Feature,373,新高下駐在所（新高下駐在所）,嘉義縣阿里山鄉,120.949794,23.466517,3303,Point,120.949794,23.466517
Feature,374,塔塔加駐在所（タータカ駐在所）,嘉義縣阿里山鄉,120.880747,23.471508,2725,Point,120.880747,23.471508
Feature,375,眠月駐在所（眠月駐在所）,嘉義縣阿里山鄉,120.81245,23.558322,2309,Point,120.81245,23.558322
Feature,376,阿里山駐在所（阿里山駐在所）,嘉義縣阿里山鄉,120.81165,23.51321,2271,Point,120.81165,23.51321
Feature,377,十字路駐在所（十字路駐在所）,嘉義縣阿里山鄉,120.754479,23.493041,1521,Point,120.754479,23.493041
Feature,378,石卓駐在所（石卓駐在所）,嘉義縣阿里山鄉,120.69802300000001,23.473036,1405,Point,120.698023,23.473036
Feature,379,樂野駐在所（ララウヤ駐在所）,嘉義縣阿里山鄉,120.701312,23.468393,1273,Point,120.701312,23.468393
Feature,380,達邦駐在所（タッバン駐在所）,嘉義縣阿里山鄉,120.74906799999999,23.454139,974,Point,120.749068,23.454139
Feature,381,里加駐在所（ニヤウチナ駐在所）,嘉義縣阿里山鄉,120.72068400000001,23.40561,985,Point,120.720684,23.40561
Feature,382,來吉駐在所（ララチ駐在所）,嘉義縣阿里山鄉,120.73997900000001,23.52987,848,Point,120.739979,23.52987
Feature,383,山美駐在所（サビキ駐在所）,嘉義縣阿里山鄉,120.668466,23.383745,545,Point,120.668466,23.383745
Feature,384,小林駐在所（小林駐在所）,高雄市甲仙區,120.64398799999999,23.163117,370,Point,120.643988,23.163117
Feature,385,阿里關駐在所（阿里關駐在所）,高雄市甲仙區,120.60639500000001,23.111598,360,Point,120.606395,23.111598
Feature,386,紅花子駐在所（紅花子駐在所）,高雄市那瑪夏區,120.696522,23.237419,848,Point,120.696522,23.237419
Feature,387,蚊子只駐在所（蚊子只/マガソン駐在所）,高雄市那瑪夏區,120.706315,23.248802,909,Point,120.706315,23.248802
Feature,388,河表湖駐在所（河表湖駐在所）,高雄市那瑪夏區,120.67392,23.250946,970,Point,120.67392,23.250946
Feature,389,達卡努瓦駐在所（タカヌワ駐在所）,高雄市那瑪夏區,120.711947,23.265518,758,Point,120.711947,23.265518
Feature,390,卡那富駐在所（カナブ駐在所）,高雄市那瑪夏區,120.75314299999999,23.244867,1667,Point,120.753143,23.244867
Feature,391,多納駐在所（トナ駐在所）,高雄市茂林區,120.715698,22.910265,455,Point,120.715698,22.910265
Feature,392,瑪雅、芒仔、茂林駐在所（マガ駐在所）,高雄市茂林區,120.68414199999999,22.928732,667,Point,120.684142,22.928732
Feature,393,萬年龍、曼塔雲駐在所（マンタウラン駐在所）,高雄市茂林區,120.75542799999999,22.942085,697,Point,120.755428,22.942085
Feature,394,大津駐在所（大津駐在所）,高雄市六龜區,120.650031,22.88035,152,Point,120.650031,22.88035
Feature,395,三合溪駐在所（三合溪駐在所）,高雄市六龜區,120.67074599999999,22.926532,1061,Point,120.670746,22.926532
Feature,396,池鯉鮒駐在所（池鯉鮒駐在所）,高雄市茂林區,120.695144,22.958981,1333,Point,120.695144,22.958981
Feature,397,吉田駐在所（吉田駐在所）,高雄市茂林區,120.708726,22.988335,545,Point,120.708726,22.988335
Feature,398,見付駐在所（見付駐在所）,高雄市茂林區,120.745848,23.034511,1303,Point,120.745848,23.034511
Feature,399,馬里山駐在所（バリサン駐在所）,高雄市桃源區,120.762169,23.040072,1364,Point,120.762169,23.040072
Feature,400,中心崙駐在所（中心崙/チウシンロン駐在所）,高雄市桃源區,120.709037,23.036555,970,Point,120.709037,23.036555
Feature,401,藤枝駐在所（藤枝駐在所）,高雄市桃源區,120.754957,23.067474,1212,Point,120.754957,23.067474
Feature,402,頭前山駐在所（頭前山駐在所）,高雄市桃源區,120.759666,23.066023,1515,Point,120.759666,23.066023
Feature,403,溪南山駐在所（溪南山駐在所）,高雄市桃源區,120.79519999999999,23.080572,1648,Point,120.7952,23.080572
Feature,404,石山駐在所（石山駐在所）,高雄市桃源區,120.81914,23.06429,1959,Point,120.81914,23.06429
Feature,405,瀧見駐在所（瀧見駐在所）,高雄市桃源區,120.84013,23.07413,2212,Point,120.84013,23.07413
Feature,406,檜山駐在所（檜山駐在所）,高雄市桃源區,120.840729,23.05195,1970,Point,120.840729,23.05195
Feature,407,日之出駐在所（日ノ出駐在所）,高雄市桃源區,120.852957,23.024418,2091,Point,120.852957,23.024418
Feature,408,見晴駐在所（見晴駐在所）,高雄市桃源區,120.83980200000001,23.010408,2091,Point,120.839802,23.010408
Feature,409,興津駐在所（興津駐在所）,高雄市桃源區,120.767777,23.080237,1757,Point,120.767777,23.080237
Feature,410,蒲原駐在所（蒲原駐在所）,高雄市桃源區,120.761532,23.097818,1212,Point,120.761532,23.097818
Feature,411,沼津駐在所（沼津駐在所）,高雄市桃源區,120.749858,23.103858,848,Point,120.749858,23.103858
Feature,412,小田原駐在所（小田原駐在所）,高雄市桃源區,120.75531599999999,23.12502,1182,Point,120.755316,23.12502
Feature,413,上寶來駐在所（上寶來駐在所）,高雄市桃源區,120.785121,23.146054,1182,Point,120.785121,23.146054
Feature,414,日本橋駐在所（日本橋駐在所）,高雄市桃源區,120.767729,23.156368,606,Point,120.767729,23.156368
Feature,415,荖濃駐在所（荖濃駐在所）,高雄市六龜區,120.672528,23.071149,,Point,120.672528,23.071149
Feature,416,寶來駐在所（寶來駐在所）,高雄市六龜區,120.698667,23.107219,333,Point,120.698667,23.107219
Feature,417,排剪駐在所（排剪駐在所）,高雄市桃源區,120.71895499999999,23.1288,515,Point,120.718955,23.1288
Feature,418,四社駐在所（四社/光寮坪駐在所）,高雄市六龜區,120.686325,23.128671,1270,Point,120.686325,23.128671
Feature,419,雁爾、雅你駐在所（ガニ駐在所）,高雄市桃源區,120.766578,23.160753,667,Point,120.766578,23.160753
Feature,420,濁水溪駐在所（濁水溪駐在所）,高雄市桃源區,120.78257499999999,23.192213,697,Point,120.782575,23.192213
Feature,421,比鼻烏駐在所（ビヒュウ駐在所）,高雄市桃源區,120.804103,23.217263,758,Point,120.804103,23.217263
Feature,422,玉穗駐在所（玉穗駐在所）,高雄市桃源區,120.79929300000001,23.200619,727,Point,120.799293,23.200619
Feature,423,拉芙蘭駐在所（ラボラン駐在所）,高雄市桃源區,120.81202,23.237979,818,Point,120.81202,23.237979
Feature,424,拉克斯駐在所（ラックス駐在所）,高雄市桃源區,120.819405,23.25288,950,Point,120.819405,23.25288
Feature,425,麻斯霍哇爾駐在所（マスホワル駐在所）,高雄市桃源區,120.825746,23.273414,1061,Point,120.825746,23.273414
Feature,426,瑞穗駐在所（瑞穗駐在所）,高雄市桃源區,120.794068,23.176043,880,Point,120.794068,23.176043
Feature,427,新關駐在所（新關駐在所）,高雄市桃源區,120.84093799999999,23.288097,1321,Point,120.840938,23.288097
Feature,428,嶺關駐在所（嶺觀駐在所）,高雄市桃源區,120.872227,23.28045,1885,Point,120.872227,23.28045
Feature,429,中之關駐在所（中之關駐在所）,高雄市桃源區,120.89797,23.28535,2064,Point,120.89797,23.28535
Feature,430,檜谷駐在所（檜谷駐在所）,高雄市桃源區,120.93042,23.25705,2466,Point,120.93042,23.25705
Feature,431,大關山駐在所（大關山駐在所）,高雄市桃源區,120.938706,23.264235,2788,Point,120.938706,23.264235
Feature,432,古茶波安、好茶駐在所（コチヤボガン駐在所）,屏東縣霧臺鄉,120.73635899999999,22.699332,939,Point,120.736359,22.699332
Feature,433,馬兒駐在所（マヌン駐在所）,屏東縣霧臺鄉,120.701444,22.709031,894,Point,120.701444,22.709031
Feature,434,伊拉駐在所（イラ駐在所）,屏東縣霧臺鄉,120.710491,22.747775,545,Point,120.710491,22.747775
Feature,435,霧臺駐在所（ブタイ駐在所）,屏東縣霧臺鄉,120.73155,22.744437,809,Point,120.73155,22.744437
Feature,436,無駐在所（タマラカウ駐在所）,屏東縣霧臺鄉,120.75950899999999,22.754791,500,Point,120.759509,22.754791
Feature,437,佳暮駐在所（カナモデサン駐在所）,屏東縣霧臺鄉,120.71966399999999,22.762729,445,Point,120.719664,22.762729
Feature,438,拉瀑灣、大武駐在所（ライブアン駐在所）,屏東縣霧臺鄉,120.811251,22.774272,848,Point,120.811251,22.774272
Feature,439,阿禮駐在所（アデル駐在所）,屏東縣霧臺鄉,120.75778099999999,22.72717,1242,Point,120.757781,22.72717
Feature,440,榛駐在所（榛駐在所）,屏東縣霧臺鄉,120.784515,22.728999,1303,Point,120.784515,22.728999
Feature,441,霧頭山駐在所（霧頭山駐在所）,屏東縣霧臺鄉,120.812839,22.71942,1454,Point,120.812839,22.71942
Feature,442,松山駐在所（松山駐在所）,屏東縣霧臺鄉,120.82936100000001,22.702912,1606,Point,120.829361,22.702912
Feature,443,三地門、山地門駐在所（サンテイモン駐在所）,屏東縣三地門鄉,120.664934,22.720938,407,Point,120.664934,22.720938
Feature,444,榮駐在所（榮駐在所）,屏東縣三地門鄉,120.639505,22.74366,136,Point,120.639505,22.74366
Feature,445,德文駐在所（トクブン駐在所）,屏東縣三地門鄉,120.702308,22.770206,848,Point,120.702308,22.770206
Feature,446,大社駐在所（トア社駐在所）,屏東縣三地門鄉,120.696714,22.810635,667,Point,120.696714,22.810635
Feature,447,口社駐在所（カウ社駐在所）,屏東縣三地門鄉,120.669633,22.769206,524,Point,120.669633,22.769206
Feature,448,紅目仔駐在所（アンバカ駐在所）,屏東縣三地門鄉,120.67263699999999,22.781315,767,Point,120.672637,22.781315
Feature,449,埔羌溪駐在所（埔羌溪/サモハイ駐在所）,屏東縣三地門鄉,120.640517,22.816797,161,Point,120.640517,22.816797
Feature,450,青葉駐在所（アヲバ駐在所）,屏東縣三地門鄉,120.637934,22.797959,182,Point,120.637934,22.797959
Feature,451,佳義駐在所（カサギサン駐在所）,屏東縣瑪家鄉,120.63795,22.6536,280,Point,120.63795,22.6536
Feature,452,若葉、涼山駐在所（ワカバ駐在所）,屏東縣瑪家鄉,120.645375,22.685419,364,Point,120.645375,22.685419
Feature,453,北葉駐在所（パクヒヨワ駐在所）,屏東縣瑪家鄉,120.66933299999999,22.700534,450,Point,120.669333,22.700534
Feature,454,瑪家駐在所（マカザヤザヤ駐在所）,屏東縣瑪家鄉,120.687197,22.676043,727,Point,120.687197,22.676043
Feature,455,下筏灣駐在所（下パイワン駐在所）,屏東縣瑪家鄉,120.714726,22.668095,800,Point,120.714726,22.668095
Feature,456,平和駐在所（ピユマ駐在所）,屏東縣泰武鄉,120.711057,22.649165,909,Point,120.711057,22.649165
Feature,457,萬安駐在所（アマワン駐在所）,屏東縣泰武鄉,120.677025,22.629638,818,Point,120.677025,22.629638
Feature,458,泰武駐在所（クワルス駐在所）,屏東縣泰武鄉,120.697732,22.606994,1030,Point,120.697732,22.606994
Feature,459,佳平駐在所（カビヤン駐在所）,屏東縣泰武鄉,120.679804,22.591992,728,Point,120.679804,22.591992
Feature,460,武潭駐在所（アグダン駐在所）,屏東縣泰武鄉,120.664841,22.588142,394,Point,120.664841,22.588142
Feature,461,來義社駐在所（ライ社駐在所）,屏東縣來義鄉,120.68971999999999,22.525117,545,Point,120.68972,22.525117
Feature,462,望嘉駐在所（ボンガリ駐在所）,屏東縣來義鄉,120.65401799999999,22.483792,697,Point,120.654018,22.483792
Feature,463,古樓駐在所（クナナウ駐在所）,屏東縣來義鄉,120.723398,22.4934,1303,Point,120.723398,22.4934
Feature,464,力里駐在所（リキリキ駐在所）,屏東縣春日鄉,120.699533,22.423193,818,Point,120.699533,22.423193
Feature,465,七佳駐在所（チカタン駐在所）,屏東縣春日鄉,120.711617,22.448709,578,Point,120.711617,22.448709
Feature,466,大樹林駐在所（大樹林駐在所）,屏東縣春日鄉,120.736878,22.410859,1235,Point,120.736878,22.410859
Feature,467,歸化門駐在所（歸化門駐在所）,屏東縣春日鄉,120.64820400000001,22.407863,508,Point,120.648204,22.407863
Feature,468,崁頭駐在所（崁頭駐在所）,屏東縣春日鄉,120.631766,22.412902,80,Point,120.631766,22.412902
Feature,469,割肉駐在所（割肉/コワバル駐在所）,屏東縣春日鄉,120.720282,22.39433,767,Point,120.720282,22.39433
Feature,470,率芒駐在所（率芒/スボン駐在所）,屏東縣春日鄉,120.663647,22.36823,424,Point,120.663647,22.36823
Feature,471,內獅頭駐在所（內獅頭駐在所）,屏東縣獅子鄉,120.686786,22.302601,606,Point,120.686786,22.302601
Feature,472,內文駐在所（內文駐在所）,屏東縣獅子鄉,120.724805,22.316669,788,Point,120.724805,22.316669
Feature,473,外加芝萊駐在所（外カチライ駐在所）,屏東縣獅子鄉,120.757142,22.315254,606,Point,120.757142,22.315254
Feature,474,"外麻裡巴駐在所（外麻裡巴/外マリッ
バ駐在所）",屏東縣獅子鄉,120.750387,22.286455,636,Point,120.750387,22.286455
Feature,475,草埔後駐在所（草埔後/ソウポウ駐在所）,屏東縣獅子鄉,120.780523,22.253082,713,Point,120.780523,22.253082
Feature,476,牡丹路駐在所（牡丹路/ボタンロ駐在所）,屏東縣獅子鄉,120.748369,22.204636,150,Point,120.748369,22.204636
Feature,477,竹坑駐在所（竹坑駐在所）,屏東縣獅子鄉,120.701632,22.146312,18,Point,120.701632,22.146312
Feature,478,獅子頭駐在所（獅子頭駐在所）,屏東縣獅子鄉,120.676362,22.227804,40,Point,120.676362,22.227804
Feature,479,南勢湖駐在所（南勢湖駐在所）,屏東縣獅子鄉,120.64383100000001,22.305238,9,Point,120.643831,22.305238
Feature,480,四重溪駐在所（四重溪/石門駐在所）,屏東縣車城鄉,120.747772,22.093094,152,Point,120.747772,22.093094
Feature,481,四林格駐在所（四林格/シナケ駐在所）,屏東縣牡丹鄉,120.806601,22.072127,365,Point,120.806601,22.072127
Feature,482,高士佛駐在所（高士佛/クスクス駐在所）,屏東縣牡丹鄉,120.830157,22.126067,340,Point,120.830157,22.126067
Feature,483,牡丹駐在所（牡丹/ボタン駐在所）,屏東縣牡丹鄉,120.809275,22.156481,240,Point,120.809275,22.156481
Feature,484,牡丹灣駐在所（牡丹灣駐在所）,屏東縣牡丹鄉,120.887379,22.194883,5,Point,120.887379,22.194883
Feature,485,九棚駐在所（九棚駐在所）,屏東縣滿州鄉,120.873741,22.110767,18,Point,120.873741,22.110767
Feature,486,大竹高駐在所（大竹高駐在所）,臺東縣大武鄉,120.93729399999999,22.439478,50,Point,120.937294,22.439478
Feature,487,大南駐在所（大南駐在所）,臺東縣卑南鄉,121.043817,22.765061,125,Point,121.043817,22.765061
Feature,488,追分駐在所（追分駐在所）,臺東縣卑南鄉,121.01930400000001,22.72223,591,Point,121.019304,22.72223
Feature,489,見晴駐在所（見晴駐在所）,臺東縣卑南鄉,120.97098200000001,22.6904,883,Point,120.970982,22.6904
Feature,490,深山駐在所（深山駐在所）,臺東縣卑南鄉,120.933903,22.693568,1173,Point,120.933903,22.693568
Feature,491,霧山駐在所（霧山駐在所）,臺東縣卑南鄉,120.906008,22.710354,1656,Point,120.906008,22.710354
Feature,492,知本山駐在所（知本山駐在所）,臺東縣卑南鄉,120.873092,22.712175,1641,Point,120.873092,22.712175
Feature,493,紅頭嶼駐在所（紅頭嶼駐在所）,臺東縣蘭嶼鄉,121.512355,22.049759,14,Point,121.512355,22.049759
Feature,494,東勢駐在所（東勢駐在所）,臺東縣蘭嶼鄉,121.564964,22.0573,14,Point,121.564964,22.0573
Feature,495,伊拉拉來駐在所（イララライ駐在所）,臺東縣蘭嶼鄉,121.52851,22.079356,26,Point,121.52851,22.079356
Feature,496,關山駐在所（關山駐在所）,臺東縣海端鄉,120.96070899999999,23.265333,2850,Point,120.960709,23.265333
Feature,497,溪頭駐在所（溪頭駐在所）,臺東縣海端鄉,120.974216,23.269598,2640,Point,120.974216,23.269598
Feature,498,向陽駐在所（向陽駐在所）,臺東縣海端鄉,120.981898,23.251141,2530,Point,120.981898,23.251141
Feature,499,哈力卜松駐在所（ハリボソン駐在所）,臺東縣海端鄉,121.00417400000001,23.238834,2030,Point,121.004174,23.238834
Feature,500,該木斯駐在所（カイモス駐在所）,臺東縣海端鄉,121.013036,23.220067,1870,Point,121.013036,23.220067
Feature,501,馬典古魯駐在所（マテングル駐在所）,臺東縣海端鄉,121.02472,23.199291,1500,Point,121.02472,23.199291
Feature,502,馬典古魯駐在所（マテングル駐在所）,臺東縣海端鄉,121.027984,23.192398,1570,Point,121.027984,23.192398
Feature,503,利稻駐在所（リト駐在所）,臺東縣海端鄉,121.024202,23.186698,1079,Point,121.024202,23.186698
Feature,504,霧鹿溪駐在所（ブルブル溪駐在所）,臺東縣海端鄉,121.035049,23.171161,700,Point,121.035049,23.171161
Feature,505,霧鹿駐在所（ブルブル駐在所）,臺東縣海端鄉,121.041404,23.169054,880,Point,121.041404,23.169054
Feature,506,二見駐在所（二見駐在所）,臺東縣海端鄉,121.057585,23.157318,810,Point,121.057585,23.157318
Feature,507,下馬駐在所（エバコ駐在所）,臺東縣海端鄉,121.06107,23.153477,820,Point,121.06107,23.153477
Feature,508,下馬駐在所（エバコ駐在所）,臺東縣海端鄉,121.067278,23.141035,1240,Point,121.067278,23.141035
Feature,509,大崙駐在所（ダイロン駐在所）,臺東縣海端鄉,121.045405,23.133638,1315,Point,121.045405,23.133638
Feature,510,拉庫拉庫駐在所（ラクラク駐在所）,臺東縣海端鄉,121.049138,23.111558,980,Point,121.049138,23.111558
Feature,511,坑頭駐在所（カゥトゥ駐在所）,臺東縣海端鄉,121.006395,23.119154,1500,Point,121.006395,23.119154
Feature,512,嘉寶駐在所（佳保駐在所）,臺東縣海端鄉,121.085909,23.139894,550,Point,121.085909,23.139894
Feature,513,大崙溪駐在所（大崙溪駐在所）,臺東縣海端鄉,121.117446,23.130419,376,Point,121.117446,23.130419
Feature,514,咲咲、薩庫薩庫駐在所（サクサク駐在所）,臺東縣海端鄉,121.095916,23.127723,1361,Point,121.095916,23.127723
Feature,515,箱根駐在所（箱根駐在所）,臺東縣海端鄉,121.076296,23.129973,1082,Point,121.076296,23.129973
Feature,516,不破駐在所（不破駐在所）,臺東縣海端鄉,121.11264,23.1316,650,Point,121.11264,23.1316
Feature,517,新武路駐在所（新武路駐在所）,臺東縣海端鄉,121.12461399999999,23.13233,473,Point,121.124614,23.13233
Feature,518,逢坂駐在所（逢坂駐在所）,臺東縣海端鄉,121.14041,23.133542,410,Point,121.14041,23.133542
Feature,519,鈴鹿駐在所（鈴鹿駐在所）,臺東縣海端鄉,121.16233,23.125625,394,Point,121.16233,23.125625
Feature,520,品川駐在所（品川駐在所）,臺東縣海端鄉,121.175962,23.131312,345,Point,121.175962,23.131312
Feature,521,大埔駐在所（大埔駐在所）,臺東縣海端鄉,121.206388,23.150235,333,Point,121.206388,23.150235
Feature,522,池上駐在所（池上駐在所）,臺東縣池上鄉,121.18673800000001,23.131495,348,Point,121.186738,23.131495
Feature,523,海端駐在所（ハイトトワン駐在所）,臺東縣海端鄉,121.17668,23.10032,270,Point,121.17668,23.10032
Feature,524,楠駐在所（楠駐在所）,臺東縣關山鎮,121.16866400000001,23.081736,318,Point,121.168664,23.081736
Feature,525,里壠山駐在所（里壠山駐在所）,臺東縣海端鄉,121.14636400000001,23.045629,326,Point,121.146364,23.045629
Feature,526,加樂駐在所（カナロク駐在所）,臺東縣海端鄉,121.130999,23.009516,321,Point,121.130999,23.009516
Feature,527,加典駐在所（カナテン駐在所）,臺東縣海端鄉,121.13087899999999,23.000621,367,Point,121.130879,23.000621
Feature,528,大原駐在所（大原駐在所）,臺東縣海端鄉,121.140749,22.98751,180,Point,121.140749,22.98751
Feature,529,武陵駐在所（ボクラブ駐在所）,臺東縣延平鄉,121.117761,22.970293,294,Point,121.117761,22.970293
Feature,530,加拿水駐在所（スンヌンスン駐在所）,臺東縣延平鄉,121.114172,22.933161,306,Point,121.114172,22.933161
Feature,531,鹿寮山駐在所（鹿寮山駐在所）,臺東縣延平鄉,121.12117499999999,22.946778,270,Point,121.121175,22.946778
Feature,532,老叭老吧駐在所（老叭老吧駐在所）,臺東縣延平鄉,121.12935299999999,22.902811,333,Point,121.129353,22.902811
Feature,533,取入口駐在所（取入口駐在所）,臺東縣延平鄉,121.091813,22.911877,260,Point,121.091813,22.911877
Feature,534,北絲鬮溪駐在所（バシカウ溪駐在所）,臺東縣延平鄉,121.08453900000001,22.902474,250,Point,121.084539,22.902474
Feature,535,紅葉谷駐在所（溫泉/紅葉谷駐在所）,臺東縣延平鄉,121.063012,22.89327,189,Point,121.063012,22.89327
Feature,536,上里駐在所（上里駐在所）,臺東縣延平鄉,121.093575,22.912379,245,Point,121.093575,22.912379
Feature,537,清水駐在所（清水駐在所）,臺東縣延平鄉,121.029647,22.871817,550,Point,121.029647,22.871817
Feature,538,松山駐在所（松山駐在所）,臺東縣延平鄉,120.987032,22.882473,1100,Point,120.987032,22.882473
Feature,539,楓駐在所（楓駐在所）,臺東縣延平鄉,120.977379,22.870059,1120,Point,120.977379,22.870059
Feature,540,嘉嘉代駐在所（嘉々代駐在所）,臺東縣延平鄉,120.972016,22.885862,1060,Point,120.972016,22.885862
Feature,541,桃林駐在所（桃林駐在所）,臺東縣延平鄉,120.941311,22.892843,1215,Point,120.941311,22.892843
Feature,542,橘駐在所（橘駐在所）,臺東縣延平鄉,120.93375399999999,22.918009,1284,Point,120.933754,22.918009
Feature,543,壽駐在所（壽駐在所）,臺東縣延平鄉,120.913591,22.937759,1116,Point,120.913591,22.937759
Feature,544,常盤駐在所（常盤駐在所）,臺東縣延平鄉,120.888929,22.953873,1402,Point,120.888929,22.953873
Feature,545,朝日駐在所（朝日駐在所）,臺東縣海端鄉,120.875452,22.963932,1530,Point,120.875452,22.963932
Feature,546,出雲駐在所（出雲駐在所）,臺東縣海端鄉,120.848114,22.992355,2218,Point,120.848114,22.992355
Feature,547,巴糾羅駐在所（バジヨロ駐在所）,臺東縣金峰鄉,120.908711,22.594708,416,Point,120.908711,22.594708
Feature,548,卡拉達蘭駐在所（カラタラン駐在所）,臺東縣金峰鄉,120.87532299999999,22.582702,682,Point,120.875323,22.582702
Feature,549,密老老、比魯駐在所（ビララウ駐在所）,臺東縣金峰鄉,120.827687,22.594431,758,Point,120.827687,22.594431
Feature,550,覺摩洛駐在所（ジヨモル駐在所）,臺東縣金峰鄉,120.85923,22.53669,909,Point,120.85923,22.53669
Feature,551,卡阿路灣駐在所（カアロアン駐在所）,臺東縣金峰鄉,120.90430000000001,22.6374,699,Point,120.9043,22.6374
Feature,552,近黃駐在所（近黃駐在所）,臺東縣金峰鄉,120.853951,22.505611,385,Point,120.853951,22.505611
Feature,553,太里力駐在所（タリリク駐在所）,臺東縣達仁鄉,120.836887,22.472643,864,Point,120.836887,22.472643
Feature,554,大蟒鴨溪駐在所（タバカス溪駐在所）,臺東縣達仁鄉,120.852632,22.417535,212,Point,120.852632,22.417535
Feature,555,戶阿春、都阿巴路駐在所（トアバル駐在所）,臺東縣達仁鄉,120.885768,22.454558,182,Point,120.885768,22.454558
Feature,556,大板鹿駐在所（大板鹿駐在所）,臺東縣達仁鄉,120.90150199999999,22.482098,212,Point,120.901502,22.482098
Feature,557,他巴卡斯、大蟒鴨駐在所（タバカス駐在所）,臺東縣達仁鄉,120.861521,22.426832,758,Point,120.861521,22.426832
Feature,558,"就卡固來、六禮灣駐在所（チョカクライ駐在所）",臺東縣達仁鄉,120.84414,22.412153,820,Point,120.84414,22.412153
Feature,559,姑子崙駐在所（姑仔崙駐在所）,臺東縣達仁鄉,120.84715799999999,22.369348,110,Point,120.847158,22.369348
Feature,560,姑子崙駐在所（姑子崙駐在所）,臺東縣達仁鄉,120.843918,22.376216,364,Point,120.843918,22.376216
Feature,561,茶茶牙頓駐在所（チヤチヤガトアン駐在所）,臺東縣達仁鄉,120.81397,22.365569,500,Point,120.81397,22.365569
Feature,562,出水坡駐在所（出水坡駐在所）,臺東縣達仁鄉,120.81303200000001,22.379283,713,Point,120.813032,22.379283
Feature,563,古里巴保諾駐在所（コリバボノ駐在所）,臺東縣達仁鄉,120.801553,22.380287,850,Point,120.801553,22.380287
Feature,564,浸水營駐在所（浸水營駐在所）,臺東縣達仁鄉,120.775741,22.404207,1285,Point,120.775741,22.404207
Feature,565,阿塱衛駐在所（アロエ駐在所）,臺東縣達仁鄉,120.884255,22.294806,12,Point,120.884255,22.294806
Feature,566,北埔駐在所（北埔駐在所）,花蓮縣新城鄉,121.60338299999999,24.034715,21,Point,121.603383,24.034715
Feature,567,耶卡多散駐在所（ヱカドサン駐在所）,花蓮縣新城鄉,121.59992800000001,24.0542,18,Point,121.599928,24.0542
Feature,568,威里、威力駐在所（ウイリ/大山駐在所）,花蓮縣新城鄉,121.587189,24.029313,18,Point,121.587189,24.029313
Feature,569,加灣駐在所（カウワン駐在所）,花蓮縣秀林鄉,121.60891700000001,24.082007,88,Point,121.608917,24.082007
Feature,570,三棧駐在所（三棧駐在所）,花蓮縣秀林鄉,121.608681,24.101638,15,Point,121.608681,24.101638
Feature,571,秀林駐在所（プスリン駐在所）,花蓮縣秀林鄉,121.624303,24.118446,36,Point,121.624303,24.118446
Feature,572,富世駐在所（ブセガン駐在所）,花蓮縣秀林鄉,121.62862,24.148089,55,Point,121.62862,24.148089
Feature,573,得嘎龍駐在所（デカロン駐在所）,花蓮縣秀林鄉,121.648471,24.151642,50,Point,121.648471,24.151642
Feature,574,塔次基里、立霧駐在所（タツキリ駐在所）,花蓮縣秀林鄉,121.65209299999999,24.162553,37,Point,121.652093,24.162553
Feature,575,清水駐在所（清水駐在所）,花蓮縣秀林鄉,121.670706,24.207498,30,Point,121.670706,24.207498
Feature,576,卡那剛駐在所（カナガン駐在所）,花蓮縣秀林鄉,121.715386,24.248104,32,Point,121.715386,24.248104
Feature,577,谷庫斯駐在所（グークツ駐在所）,花蓮縣秀林鄉,121.739875,24.266211,13,Point,121.739875,24.266211
Feature,578,克來寶駐在所（キネボー駐在所）,花蓮縣秀林鄉,121.740878,24.32044,53,Point,121.740878,24.32044
Feature,579,哈倫庫臺駐在所（ハロク臺駐在所）,花蓮縣秀林鄉,121.62906099999999,24.167731,755,Point,121.629061,24.167731
Feature,580,沙卡礑駐在所（サカダン駐在所）,花蓮縣秀林鄉,121.636723,24.192705,916,Point,121.636723,24.192705
Feature,581,阿與駐在所（アヨ駐在所）,花蓮縣秀林鄉,121.60303,24.16903,103,Point,121.60303,24.16903
Feature,582,溪畔駐在所（溪畔駐在所）,花蓮縣秀林鄉,121.583823,24.17614,184,Point,121.583823,24.17614
Feature,583,落支煙駐在所（ロチエン駐在所）,花蓮縣秀林鄉,121.617052,24.160057,60,Point,121.617052,24.160057
Feature,584,西達岡駐在所（シラガン駐在所）,花蓮縣秀林鄉,121.60561,24.17285,421,Point,121.60561,24.17285
Feature,585,布洛灣駐在所（ブロワン駐在所）,花蓮縣秀林鄉,121.573402,24.169378,370,Point,121.573402,24.169378
Feature,586,巴達岡駐在所（バタカン駐在所）,花蓮縣秀林鄉,121.56352,24.17569,461,Point,121.56352,24.17569
Feature,587,斷崖駐在所（斷崖駐在所）,花蓮縣秀林鄉,121.54823,24.17626,744,Point,121.54823,24.17626
Feature,588,錐麓駐在所（錐麓駐在所）,花蓮縣秀林鄉,121.53576,24.16981,709,Point,121.53576,24.16981
Feature,589,合流駐在所（合流駐在所）,花蓮縣秀林鄉,121.517093,24.178723,467,Point,121.517093,24.178723
Feature,590,他比多駐在所（タビト駐在所）,花蓮縣秀林鄉,121.494015,24.185698,455,Point,121.494015,24.185698
Feature,591,陀優恩、多洋駐在所（ドヨン駐在所）,花蓮縣秀林鄉,121.50192,24.18133,750,Point,121.50192,24.18133
Feature,592,海鼠山駐在所（海鼠山駐在所）,花蓮縣秀林鄉,121.51609000000001,24.1948,1301,Point,121.51609,24.1948
Feature,593,巴奇干駐在所（バチガン駐在所）,花蓮縣秀林鄉,121.52401999999999,24.21013,1393,Point,121.52402,24.21013
Feature,594,蘇瓦沙魯駐在所（ソワサル駐在所）,花蓮縣秀林鄉,121.498012,24.218469,1303,Point,121.498012,24.218469
Feature,595,山里駐在所（山里駐在所）,花蓮縣秀林鄉,121.486065,24.240219,893,Point,121.486065,24.240219
Feature,596,陶塞駐在所（タウサイ駐在所）,花蓮縣秀林鄉,121.502679,24.266759,1121,Point,121.502679,24.266759
Feature,597,梅園駐在所（梅園駐在所）,花蓮縣秀林鄉,121.485314,24.221004,787,Point,121.485314,24.221004
Feature,598,西拉克駐在所（シラック駐在所）,花蓮縣秀林鄉,121.456014,24.235156,1170,Point,121.456014,24.235156
Feature,599,達布拉駐在所（トブラ/ツブラ駐在所）,花蓮縣秀林鄉,121.491854,24.197857,606,Point,121.491854,24.197857
Feature,600,西寶駐在所（シーバウ駐在所）,花蓮縣秀林鄉,121.484284,24.206351,1066,Point,121.484284,24.206351
Feature,601,萩坂、西吉良駐在所（萩坂/シキリヤン駐在所）,花蓮縣秀林鄉,121.475283,24.191192,640,Point,121.475283,24.191192
Feature,602,洛韶駐在所（ロサオ駐在所）,花蓮縣秀林鄉,121.451494,24.206951,1154,Point,121.451494,24.206951
Feature,603,古白楊駐在所（クバヤン駐在所）,花蓮縣秀林鄉,121.43486799999999,24.191445,1210,Point,121.434868,24.191445
Feature,604,見晴駐在所（見晴駐在所）,花蓮縣秀林鄉,121.43394000000001,24.17706,1347,Point,121.43394,24.17706
Feature,605,卡拉寶駐在所（カラバオ駐在所）,花蓮縣秀林鄉,121.407551,24.163121,1878,Point,121.407551,24.163121
Feature,606,西拉歐卡駐在所（セラオカ駐在所）,花蓮縣秀林鄉,121.42178,24.16734,1420,Point,121.42178,24.16734
Feature,607,魯比駐在所（ルッビ駐在所）,花蓮縣秀林鄉,121.3827,24.1533,1680,Point,121.3827,24.1533
Feature,608,托博闊駐在所（トボコ駐在所）,花蓮縣秀林鄉,121.38558,24.140765,1660,Point,121.38558,24.140765
Feature,609,畢祿駐在所（畢錄駐在所）,花蓮縣秀林鄉,121.38253400000001,24.172109,2185,Point,121.382534,24.172109
Feature,610,關原駐在所（關ヶ原駐在所）,花蓮縣秀林鄉,121.339061,24.195128,2607,Point,121.339061,24.195128
Feature,611,合歡駐在所（合歡駐在所）,花蓮縣秀林鄉,121.299729,24.177813,2782,Point,121.299729,24.177813
Feature,612,七腳川駐在所（七腳川駐在所）,花蓮縣吉安鄉,121.552662,23.984129,50,Point,121.552662,23.984129
Feature,613,初音駐在所（初音駐在所）,花蓮縣吉安鄉,121.52418400000001,23.948857,120,Point,121.524184,23.948857
Feature,614,銅文蘭駐在所（銅文蘭駐在所）,花蓮縣壽豐鄉,121.506394,23.947346,157,Point,121.506394,23.947346
Feature,615,布拉鬧駐在所（ブラナオ駐在所）,花蓮縣秀林鄉,121.501142,23.895082,130,Point,121.501142,23.895082
Feature,616,榕樹溪駐在所（榕樹溪/榕樹駐在所）,花蓮縣秀林鄉,121.50617099999999,23.960381,140,Point,121.506171,23.960381
Feature,617,銅門駐在所（銅門駐在所）,花蓮縣秀林鄉,121.494429,23.965311,157,Point,121.494429,23.965311
Feature,618,烏帽駐在所（烏帽腳/烏帽駐在所）,花蓮縣秀林鄉,121.459114,23.983282,300,Point,121.459114,23.983282
Feature,619,瀧見駐在所（瀧見駐在所）,花蓮縣秀林鄉,121.42688699999999,24.003127,385,Point,121.426887,24.003127
Feature,620,桐里駐在所（桐里駐在所）,花蓮縣秀林鄉,121.395573,24.008006,859,Point,121.395573,24.008006
Feature,621,坂邊駐在所（坂邊駐在所）,花蓮縣秀林鄉,121.379136,24.019335,1012,Point,121.379136,24.019335
Feature,622,奇萊駐在所（奇萊駐在所）,花蓮縣秀林鄉,121.35145799999999,24.028397,1120,Point,121.351458,24.028397
Feature,623,東能高駐在所（東能高駐在所）,花蓮縣秀林鄉,121.305064,24.024918,2150,Point,121.305064,24.024918
Feature,624,聯帶駐在所（聯帶駐在所）,花蓮縣秀林鄉,121.315206,24.059995,2900,Point,121.315206,24.059995
Feature,625,森中駐在所（森中駐在所）,花蓮縣秀林鄉,121.32846600000001,24.052393,2530,Point,121.328466,24.052393
Feature,626,朝日駐在所（朝日駐在所）,花蓮縣秀林鄉,121.335719,24.04722,2209,Point,121.335719,24.04722
Feature,627,奇萊溪駐在所（奇萊溪駐在所）,花蓮縣秀林鄉,121.356404,24.046632,1625,Point,121.356404,24.046632
Feature,628,天長駐在所（天長駐在所）,花蓮縣秀林鄉,121.37052300000001,24.030916,1873,Point,121.370523,24.030916
Feature,629,萬兩林駐在所（萬兩林駐在所）,花蓮縣秀林鄉,121.38507199999999,24.033502,1403,Point,121.385072,24.033502
Feature,630,曲水駐在所（曲水駐在所）,花蓮縣秀林鄉,121.400006,24.016334,1398,Point,121.400006,24.016334
Feature,631,溪口駐在所（溪口駐在所）,花蓮縣秀林鄉,121.417816,24.006338,784,Point,121.417816,24.006338
Feature,632,木瓜駐在所（木瓜駐在所）,花蓮縣秀林鄉,121.40989999999999,23.92425,1917,Point,121.4099,23.92425
Feature,633,知亞干、洽勘駐在所（チヤカン駐在所）,花蓮縣萬榮鄉,121.44186999999999,23.809475,72,Point,121.44187,23.809475
Feature,634,見晴駐在所（見晴駐在所）,花蓮縣萬榮鄉,121.452487,23.783374,115,Point,121.452487,23.783374
Feature,635,安來駐在所（安來駐在所）,花蓮縣萬榮鄉,121.376633,23.833662,662,Point,121.376633,23.833662
Feature,636,大安駐在所（大安駐在所）,花蓮縣萬榮鄉,121.33929999999999,23.83534,1820,Point,121.3393,23.83534
Feature,637,大加汗駐在所（タガハン駐在所）,花蓮縣萬榮鄉,121.402283,23.706783,455,Point,121.402283,23.706783
Feature,638,馬侯宛駐在所（マホワン駐在所）,花蓮縣萬榮鄉,121.362737,23.576647,288,Point,121.362737,23.576647
Feature,639,耶夫南駐在所（ヱフナン駐在所）,花蓮縣萬榮鄉,121.344705,23.495411,200,Point,121.344705,23.495411
Feature,640,森坂駐在所（森坂駐在所）,花蓮縣萬榮鄉,121.40991200000001,23.714609,165,Point,121.409912,23.714609
Feature,641,大觀嶺駐在所（大觀嶺駐在所）,花蓮縣萬榮鄉,121.34190700000001,23.721726,1650,Point,121.341907,23.721726
Feature,642,巴內大駐在所（バネタ駐在所）,花蓮縣卓溪鄉,121.30379000000001,23.346278,158,Point,121.30379,23.346278
Feature,643,三笠駐在所（三笠駐在所）,花蓮縣卓溪鄉,121.347634,23.428239,79,Point,121.347634,23.428239
Feature,644,太平駐在所（タビラ/太平駐在所）,花蓮縣卓溪鄉,121.320149,23.406393,106,Point,121.320149,23.406393
Feature,645,中平駐在所（中平駐在所）,花蓮縣卓溪鄉,121.29842499999999,23.389638,112,Point,121.298425,23.389638
Feature,646,崙山駐在所（ロブサン駐在所）,花蓮縣卓溪鄉,121.344655,23.437492,180,Point,121.344655,23.437492
Feature,647,清水駐在所（清水駐在所）,花蓮縣卓溪鄉,121.272254,23.278218,203,Point,121.272254,23.278218
Feature,648,三笠山駐在所（三笠山駐在所）,花蓮縣卓溪鄉,121.344399,23.437603,145,Point,121.344399,23.437603
Feature,649,山里駐在所（山里駐在所）,花蓮縣卓溪鄉,121.312749,23.429757,167,Point,121.312749,23.429757
Feature,650,可諾風駐在所（コノホン駐在所）,花蓮縣卓溪鄉,121.27202,23.243869,202,Point,121.27202,23.243869
Feature,651,崙天駐在所（イソガン/崙天駐在所）,花蓮縣卓溪鄉,121.264748,23.218642,197,Point,121.264748,23.218642
Feature,652,秀巒駐在所（秀巒駐在所）,花蓮縣卓溪鄉,121.239752,23.20998,303,Point,121.239752,23.20998
Feature,653,石壁駐在所（石壁頭/石壁駐在所）,花蓮縣卓溪鄉,121.23506500000001,23.178966,182,Point,121.235065,23.178966
Feature,654,網綢口駐在所（網綢口/昇駐在所）,花蓮縣卓溪鄉,121.216281,23.146404,303,Point,121.216281,23.146404
Feature,655,卓麓駐在所（卓麓駐在所）,花蓮縣卓溪鄉,121.27006799999999,23.295392,220,Point,121.270068,23.295392
Feature,656,鹿鳴駐在所（鹿鳴駐在所）,花蓮縣卓溪鄉,121.255577,23.318416,264,Point,121.255577,23.318416
Feature,657,中社駐在所（中社駐在所）,花蓮縣卓溪鄉,121.246,23.32247,510,Point,121.246,23.32247
Feature,658,大仙駐在所（大仙駐在所）,花蓮縣卓溪鄉,121.245355,23.325325,450,Point,121.245355,23.325325
Feature,659,山風駐在所（山風駐在所）,花蓮縣卓溪鄉,121.23025,23.32722,509,Point,121.23025,23.32722
Feature,660,佳心駐在所（佳心駐在所）,花蓮縣卓溪鄉,121.21267,23.34545,820,Point,121.21267,23.34545
Feature,661,黃麻駐在所（黃麻駐在所）,花蓮縣卓溪鄉,121.20053,23.33499,931,Point,121.20053,23.33499
Feature,662,阿桑來戛駐在所（アサンライガ駐在所）,花蓮縣卓溪鄉,121.206478,23.367869,973,Point,121.206478,23.367869
Feature,663,桃林駐在所（桃林駐在所）,花蓮縣卓溪鄉,121.19271999999999,23.33359,933,Point,121.19272,23.33359
Feature,664,清流駐在所（清流駐在所）,花蓮縣卓溪鄉,121.18598,23.34281,1030,Point,121.18598,23.34281
Feature,665,瓦拉米、瓦拉鼻駐在所（蕨駐在所）,花蓮縣卓溪鄉,121.18639,23.35374,1077,Point,121.18639,23.35374
Feature,666,美拖利駐在所（綠駐在所）,花蓮縣卓溪鄉,121.17409000000001,23.3518,1269,Point,121.17409,23.3518
Feature,667,多土滾駐在所（トトクン駐在所）,花蓮縣卓溪鄉,121.16884,23.36624,1514,Point,121.16884,23.36624
Feature,668,山陰、山蔭駐在所（山陰駐在所）,花蓮縣卓溪鄉,121.16014199999999,23.358984,1680,Point,121.160142,23.358984
Feature,669,卡里卡斯駐在所（カネカス駐在所）,花蓮縣卓溪鄉,121.15289,23.36487,1663,Point,121.15289,23.36487
Feature,670,土沙多駐在所（十里駐在所）,花蓮縣卓溪鄉,121.15006,23.35364,1731,Point,121.15006,23.35364
Feature,671,三四溪駐在所（三四溪駐在所）,花蓮縣卓溪鄉,121.15022999999999,23.34379,1704,Point,121.15023,23.34379
Feature,672,石洞駐在所（石洞駐在所）,花蓮縣卓溪鄉,121.14387000000001,23.342055,1787,Point,121.14387,23.342055
Feature,673,抱崖駐在所（抱崖駐在所）,花蓮縣卓溪鄉,121.13987,23.33498,1710,Point,121.13987,23.33498
Feature,674,沙敦駐在所（サトン駐在所）,花蓮縣卓溪鄉,121.13061999999999,23.34427,1787,Point,121.13062,23.34427
Feature,675,新康駐在所（シンカン駐在所）,花蓮縣卓溪鄉,121.12797999999999,23.35074,1864,Point,121.12798,23.35074
Feature,676,鏡水駐在所（鏡水駐在所）,花蓮縣卓溪鄉,121.125477,23.356758,,Point,121.125477,23.356758
Feature,677,多美麗、十三里駐在所（トミリ駐在所）,花蓮縣卓溪鄉,121.12869000000001,23.36472,1810,Point,121.12869,23.36472
Feature,678,魯崙駐在所（ルルン駐在所）,花蓮縣卓溪鄉,121.119634,23.385659,1710,Point,121.119634,23.385659
Feature,679,雷波斯駐在所（レボス駐在所）,花蓮縣卓溪鄉,121.11611600000001,23.390358,1620,Point,121.116116,23.390358
Feature,680,哈哈比駐在所（ハハビ駐在所）,花蓮縣卓溪鄉,121.10827999999999,23.3812,1430,Point,121.10828,23.3812
Feature,681,馬斯博爾駐在所（マスボル駐在所）,花蓮縣卓溪鄉,121.10552,23.35886,1774,Point,121.10552,23.35886
Feature,682,華巴諾駐在所（ワバノ駐在所）,花蓮縣卓溪鄉,121.10326999999999,23.35741,1930,Point,121.10327,23.35741
Feature,683,賽珂駐在所（サイコ駐在所）,花蓮縣卓溪鄉,121.09125,23.36021,1313,Point,121.09125,23.36021
Feature,684,大分、打訓駐在所（ターフン駐在所）,花蓮縣卓溪鄉,121.09742,23.37478,1314,Point,121.09742,23.37478
Feature,685,拉古拉駐在所（ラクラ駐在所）,花蓮縣卓溪鄉,121.10017000000001,23.3866,1388,Point,121.10017,23.3866
Feature,686,土葛駐在所（トーカツ駐在所）,花蓮縣卓溪鄉,121.09616,23.404202,1510,Point,121.09616,23.404202
Feature,687,塔達芬駐在所（タダフン駐在所）,花蓮縣卓溪鄉,121.08642999999999,23.40819,1640,Point,121.08643,23.40819
Feature,688,意西拉駐在所（ヱシラ駐在所）,花蓮縣卓溪鄉,121.07204,23.41628,1732,Point,121.07204,23.41628
Feature,689,朋珂駐在所（ポンコ駐在所）,花蓮縣卓溪鄉,121.07201999999999,23.42843,1865,Point,121.07202,23.42843
Feature,690,托馬斯駐在所（トマス駐在所）,花蓮縣卓溪鄉,121.07895000000001,23.42159,2000,Point,121.07895,23.42159
Feature,691,"太魯那斯、大崙坑駐在所（タルナス駐在所）",花蓮縣卓溪鄉,121.11181000000001,23.41256,1800,Point,121.11181,23.41256
Feature,692,馬西桑駐在所（マシサン駐在所）,花蓮縣卓溪鄉,121.13786,23.4103,1818,Point,121.13786,23.4103
Feature,693,沙沙拉比駐在所（ササラビ駐在所）,花蓮縣卓溪鄉,121.09067400000001,23.423458,2219,Point,121.090674,23.423458
Feature,694,馬沙布駐在所（マサブ駐在所）,花蓮縣卓溪鄉,121.082891,23.433612,2420,Point,121.082891,23.433612
Feature,695,米亞桑駐在所（ミヤサン駐在所）,花蓮縣卓溪鄉,121.076466,23.441842,2645,Point,121.076466,23.441842
Feature,696,大水窟駐在所（大水窟駐在所）,花蓮縣卓溪鄉,121.057338,23.45414,3175,Point,121.057338,23.45414

